customer_id,age,gender,region,education_level,employment_type,annual_income,loan_amount,loan_purpose,credit_score,repayment_history,transaction_count,spending_ratio,join_date,default_flag
1,60.0,Other,North,Primary,Unemployed,724178.54,279260.35,Education,731.0,1,107,38.37,2018-03-14,0
2,45.0,Male,South,Secondary,Unemployed,980757.46,212868.28,Home,637.0,1,41,10.6,2021-04-08,0
3,23.0,Other,North,Post-Graduate,Salaried,804111.27,71418.6,Home,645.0,2,70,42.51,2024-02-13,0
4,29.0,Male,South,Secondary,Unemployed,414398.29,362551.67,Other,746.0,1,108,92.08,2017-05-26,1
5,22.0,Male,South,Post-Graduate,Salaried,794798.16,134835.34,Business,770.0,1,69,66.31,2021-10-10,0
6,30.0,Other,East,Primary,Salaried,693279.73,93309.1,Business,651.0,1,237,48.23,2016-07-19,0
7,61.0,Female,East,Secondary,Salaried,654659.58,432264.16,Education,599.0,2,271,61.6,2026-02-18,1
8,64.0,Male,North,Post-Graduate,Salaried,204176.45,173487.01,Education,638.0,0,28,75.64,2023-02-02,1
9,55.0,Female,East,Primary,Unemployed,759076.28,163991.9,Business,718.0,5,81,37.64,2023-03-09,1
10,47.0,Other,North,Post-Graduate,Salaried,925915.32,63876.71,Other,731.0,4,274,31.77,2019-07-18,0
11,49.0,Female,East,Secondary,Unemployed,80000.0,423285.38,Home,686.0,3,256,55.89,2025-02-12,0
12,48.0,Male,South,Graduate,Salaried,525248.16,178725.96,Car,639.0,5,147,78.63,2016-08-21,1
13,26.0,Male,West,Graduate,Self-Employed,781020.81,261635.3,Education,747.0,0,252,35.91,2016-11-24,0
14,52.0,Male,East,Graduate,Salaried,272168.94,20000.0,Education,707.0,1,191,30.75,2018-09-05,0
15,37.0,Other,North,Secondary,Unemployed,1071546.48,326186.67,Car,700.0,2,132,22.59,2025-02-20,0
16,52.0,Male,West,Post-Graduate,Self-Employed,581388.52,233735.1,Other,673.0,3,237,93.78,2023-07-16,1
17,26.0,Male,East,Primary,Salaried,409343.26,325298.91,Home,574.0,4,163,81.0,2016-12-17,1
18,27.0,Female,West,Graduate,Salaried,432938.33,418450.92,Car,714.0,1,166,39.64,2016-08-11,0
19,62.0,Other,East,Secondary,Unemployed,734084.01,162796.36,Business,729.0,1,170,56.02,2021-10-21,0
20,57.0,Female,West,Secondary,Self-Employed,559765.66,422027.58,Car,581.0,3,273,86.26,2022-03-22,1
21,45.0,Male,East,Post-Graduate,Unemployed,563263.65,327093.45,Business,757.0,7,273,10.78,2020-10-05,1
22,34.0,Female,South,Secondary,Unemployed,333792.21,326224.95,Business,582.0,2,180,11.54,2020-02-18,1
23,58.0,Male,North,Primary,Salaried,889648.89,176897.65,Car,757.0,2,41,30.74,2018-10-09,0
24,37.0,Other,West,Primary,Self-Employed,703195.23,298283.48,Business,713.0,3,166,58.62,2020-06-28,0
25,53.0,Other,West,Graduate,Unemployed,597104.17,328589.81,Home,728.0,3,114,91.91,2023-08-08,1
26,62.0,Other,North,Graduate,Unemployed,512774.7,267381.45,Education,641.0,1,147,41.68,2026-04-20,0
27,46.0,Male,East,Post-Graduate,Salaried,643295.23,357797.61,Business,609.0,2,174,35.1,2018-09-20,0
28,45.0,Male,East,Secondary,Unemployed,638431.28,430867.07,Home,765.0,2,266,45.68,2020-04-26,0
29,45.0,Other,East,Secondary,Salaried,416762.22,329301.97,Education,635.0,1,234,67.12,2017-10-17,0
30,57.0,Male,North,Graduate,Self-Employed,568066.29,322475.06,Home,691.0,1,290,40.62,2016-10-23,0
31,60.0,Male,East,Graduate,Salaried,990095.04,319282.65,Home,723.0,0,66,69.46,2025-07-10,0
32,43.0,Male,North,Primary,Unemployed,282282.05,20000.0,Business,694.0,2,248,25.67,2024-08-20,0
33,21.0,Male,South,Secondary,Unemployed,1045322.77,198387.65,Business,556.0,0,108,66.12,2016-12-01,1
34,42.0,Other,South,Graduate,Unemployed,514217.73,618323.43,Other,762.0,1,163,23.48,2016-06-19,0
35,30.0,Female,South,Secondary,Unemployed,710954.86,416195.11,Education,605.0,2,241,65.23,2023-03-09,0
36,55.0,Female,East,Post-Graduate,Unemployed,585118.66,300272.04,Business,740.0,6,171,67.56,2025-03-19,1
37,22.0,Male,South,Secondary,Salaried,446216.58,616697.65,Education,734.0,3,31,18.57,2018-06-25,0
38,61.0,Male,South,Secondary,Salaried,617743.1,316544.94,Home,645.0,2,109,38.95,2022-07-13,0
39,56.0,Other,North,Secondary,Salaried,1087820.02,293987.23,Home,722.0,0,236,78.3,2018-05-07,1
40,52.0,Female,North,Secondary,Self-Employed,554027.07,382760.55,Business,623.0,3,115,38.97,2025-12-11,0
41,40.0,Male,South,Post-Graduate,Salaried,545579.7,464816.53,Business,746.0,0,292,55.42,2023-11-05,0
42,29.0,Female,South,Primary,Salaried,803377.41,221521.79,Business,755.0,2,252,82.01,2025-05-22,1
43,41.0,Female,West,Post-Graduate,Self-Employed,681041.59,280478.54,Home,687.0,2,44,57.06,2019-10-26,0
44,34.0,Other,North,Primary,Self-Employed,748789.26,415601.75,Education,733.0,1,61,92.81,2022-11-22,1
45,64.0,Male,South,Secondary,Salaried,80000.0,565564.73,Other,655.0,0,95,68.48,2022-02-24,0
46,49.0,Female,South,Post-Graduate,Salaried,800953.26,308335.82,Education,684.0,1,141,22.46,2016-06-26,0
47,48.0,Female,South,Primary,Self-Employed,237978.91,88880.43,Other,622.0,4,192,10.97,2020-04-11,0
48,45.0,Male,North,Primary,Salaried,546638.21,538523.66,Car,717.0,4,210,50.61,2021-11-28,0
49,38.0,Male,West,Post-Graduate,Self-Employed,514199.69,368651.47,Car,685.0,1,246,69.11,2018-08-20,0
50,36.0,Female,North,Secondary,Self-Employed,4229380.399999999,916873.48,Home,635.0,3,31,91.49,2020-12-14,1
51,48.0,Female,East,Post-Graduate,Self-Employed,572267.02,446446.37,Business,563.0,1,205,29.5,2019-11-03,1
52,26.0,Other,West,Secondary,Salaried,796001.6,20000.0,Education,708.0,2,65,16.48,2026-04-30,0
53,47.0,Male,North,Primary,Unemployed,269941.7,574718.81,Education,774.0,2,82,43.4,2018-05-03,0
54,25.0,Male,North,Post-Graduate,Unemployed,482706.09,195878.11,Other,688.0,0,25,68.8,2017-01-05,0
55,24.0,Male,North,Primary,Salaried,979058.33,346868.77,Home,654.0,0,70,33.35,2024-11-09,0
56,23.0,Other,North,Secondary,Self-Employed,200219.13,406742.23,Home,590.0,2,173,52.34,2022-01-10,1
57,34.0,Other,South,Primary,Unemployed,894824.3,310127.77,Home,844.0,2,226,76.7,2024-06-14,1
58,35.0,Female,East,Graduate,Salaried,1038835.21,155261.48,Education,734.0,1,117,64.11,2021-01-20,0
59,37.0,Male,East,Post-Graduate,Salaried,821515.89,279438.33,Education,696.0,5,203,81.58,2021-04-06,1
60,,Female,East,Primary,,,257792.23,Business,,3,259,39.03,2020-07-06,1
61,41.0,Other,North,Primary,Unemployed,691649.56,159018.03,Car,638.0,3,141,29.03,2025-10-19,0
62,32.0,Other,East,Secondary,Self-Employed,335196.62,220461.36,Home,616.0,1,20,55.43,2020-12-04,0
63,42.0,Male,East,Graduate,Salaried,461587.67,120318.32,Business,837.0,0,268,50.9,2023-09-05,0
64,34.0,Other,East,Primary,Unemployed,608815.89,427703.14,Other,630.0,2,146,88.54,2026-04-28,1
65,43.0,Female,North,Secondary,Self-Employed,221202.23,505031.14,Home,811.0,0,26,68.41,2021-09-27,0
66,45.0,Male,South,Graduate,Self-Employed,537740.99,761832.12,Other,769.0,0,246,43.76,2022-02-03,0
67,37.0,Male,East,Secondary,Unemployed,407228.36,386426.19,Education,775.0,0,145,20.18,2023-08-04,0
68,54.0,Other,West,Graduate,Salaried,655834.04,247532.44,Home,511.0,2,247,55.65,2020-08-19,1
69,42.0,Other,West,Graduate,Salaried,1121119.31,508635.52,Home,519.0,3,248,89.36,2019-05-31,1
70,29.0,Female,South,Graduate,Salaried,866864.04,207436.44,Business,579.0,2,114,14.73,2026-03-22,1
71,35.0,Other,West,Primary,Salaried,612130.41,175357.48,Home,701.0,0,239,87.98,2017-09-04,1
72,28.0,Other,South,Primary,Self-Employed,587440.47,213484.3,Other,740.0,1,213,57.32,2024-07-19,0
73,33.0,Other,South,Post-Graduate,Salaried,910492.65,287135.52,Home,607.0,4,158,89.22,2019-01-27,1
74,33.0,Female,East,Primary,Self-Employed,759655.91,202224.58,Car,683.0,1,157,94.15,2024-10-12,1
75,64.0,Other,South,Primary,Self-Employed,454354.77,339135.97,Other,674.0,2,88,80.6,2020-07-29,1
76,42.0,Female,South,Secondary,Salaried,344045.37,402594.25,Car,668.0,2,20,73.0,2019-05-19,0
77,,Female,North,Secondary,,,404452.67,Education,,1,97,54.46,2024-11-02,0
78,53.0,Female,South,Graduate,Salaried,718873.41,423036.86,Home,543.0,4,42,47.29,2020-09-17,1
79,28.0,Female,North,Post-Graduate,Salaried,681731.84,267134.92,Car,746.0,2,153,38.29,2019-12-02,0
80,22.0,Female,East,Graduate,Salaried,80000.0,167718.17,Car,721.0,6,273,27.39,2024-02-02,1
81,35.0,Male,South,Post-Graduate,Self-Employed,719744.96,350049.32,Education,763.0,0,247,48.85,2026-04-29,0
82,56.0,Male,East,Graduate,Unemployed,472495.9,233356.01,Other,710.0,2,114,60.87,2024-12-07,0
83,38.0,Female,East,Primary,Salaried,191945.48,342144.65,Education,595.0,3,237,59.83,2022-09-26,1
84,29.0,Male,East,Primary,Salaried,471771.41,269573.07,Other,683.0,6,111,41.83,2018-10-31,1
85,60.0,Female,East,Graduate,Self-Employed,998296.66,223317.65,Other,600.0,2,20,83.94,2024-02-11,1
86,45.0,Other,North,Post-Graduate,Unemployed,568553.27,62488.99,Car,793.0,2,173,38.35,2024-06-26,0
87,44.0,Female,North,Post-Graduate,Salaried,211062.51,20000.0,Other,692.0,0,270,21.97,2017-05-22,0
88,63.0,Other,South,Graduate,Self-Employed,793868.14,120859.44,Home,702.0,0,180,40.8,2025-07-23,0
89,39.0,Other,East,Graduate,Unemployed,345701.96,377500.4,Home,616.0,3,234,46.28,2025-04-28,0
90,22.0,Other,East,Graduate,Unemployed,558866.09,232795.93,Business,510.0,3,276,75.92,2019-02-11,1
91,59.0,Female,West,Graduate,Unemployed,216330.38,719404.91,Car,807.0,0,283,83.25,2018-05-11,1
92,43.0,Male,West,Post-Graduate,Unemployed,595519.11,175701.29,Car,753.0,6,266,31.58,2025-03-28,1
93,52.0,Other,East,Post-Graduate,Unemployed,624686.44,280448.23,Home,720.0,1,115,94.04,2022-01-20,1
94,38.0,Female,East,Secondary,Self-Employed,336685.32,335197.8,Other,700.0,2,242,37.54,2018-01-29,0
95,32.0,Other,East,Post-Graduate,Self-Employed,681533.26,112332.96,Business,753.0,2,214,60.18,2020-06-03,0
96,50.0,Other,South,Post-Graduate,Unemployed,553774.47,228670.42,Car,761.0,3,299,19.71,2023-03-16,0
97,,Other,North,Graduate,,,295356.26,Other,,0,33,73.04,2020-11-10,0
98,49.0,Female,North,Secondary,Unemployed,936511.05,97772.19,Education,739.0,1,23,21.24,2016-08-11,0
99,62.0,Male,South,Secondary,Salaried,465060.08,183254.29,Home,695.0,2,95,27.55,2018-04-15,0
100,27.0,Male,West,Primary,Self-Employed,355406.81,236367.67,Business,628.0,2,256,66.53,2026-04-08,0
101,46.0,Other,South,Post-Graduate,Self-Employed,896544.55,338570.72,Business,792.0,3,200,61.27,2020-06-11,0
102,,Male,South,Primary,,,423662.31,Business,,5,269,12.65,2022-03-14,1
103,63.0,Male,South,Post-Graduate,Salaried,670889.52,257907.6,Other,709.0,2,148,52.12,2022-05-12,0
104,50.0,Male,North,Post-Graduate,Salaried,337792.92,158296.4,Business,850.0,0,248,10.2,2026-03-13,0
105,28.0,Other,East,Post-Graduate,Unemployed,846430.68,210830.32,Other,697.0,0,99,84.2,2019-08-09,1
106,30.0,Female,West,Secondary,Unemployed,1086467.82,492679.96,Business,735.0,6,45,13.35,2020-07-02,1
107,51.0,Female,East,Secondary,Unemployed,287250.92,690896.62,Education,621.0,2,234,77.6,2017-11-02,1
108,64.0,Other,West,Secondary,Self-Employed,509634.82,304247.76,Business,682.0,2,178,41.0,2023-09-18,0
109,62.0,Male,East,Secondary,Self-Employed,339378.78,491689.02,Education,659.0,2,229,54.21,2024-04-12,0
110,52.0,Female,North,Secondary,Salaried,633746.18,267284.42,Car,759.0,2,288,54.96,2025-03-21,0
111,23.0,Female,South,Secondary,Salaried,1249426.16,202444.36,Business,625.0,0,84,30.3,2024-08-15,0
112,44.0,Female,East,Post-Graduate,Self-Employed,219688.78,20797.66,Home,656.0,3,92,19.3,2016-09-29,0
113,30.0,Male,West,Post-Graduate,Unemployed,437862.04,420278.6,Home,701.0,5,91,90.13,2017-08-31,1
114,25.0,Other,West,Post-Graduate,Salaried,612576.63,280768.27,Education,639.0,0,278,80.23,2019-09-13,1
115,34.0,Female,West,Post-Graduate,Unemployed,955126.06,214388.06,Other,613.0,2,108,60.4,2017-03-26,0
116,45.0,Other,South,Post-Graduate,Salaried,717853.89,280041.29,Education,770.0,1,48,85.54,2019-07-10,1
117,46.0,Female,West,Primary,Self-Employed,726683.67,269893.06,Education,607.0,1,270,71.49,2022-03-22,0
118,52.0,Other,West,Secondary,Self-Employed,843712.57,382660.16,Car,683.0,0,100,15.23,2021-01-09,0
119,61.0,Other,North,Post-Graduate,Unemployed,826873.69,305384.18,Other,829.0,5,78,83.72,2017-12-30,1
120,27.0,Other,North,Primary,Unemployed,805120.61,124665.56,Business,620.0,1,174,73.98,2017-12-15,0
121,49.0,Male,West,Secondary,Salaried,860051.48,285786.99,Education,698.0,0,277,80.73,2019-05-25,1
122,37.0,Female,East,Secondary,Self-Employed,561882.16,182685.65,Education,630.0,0,174,93.4,2025-11-01,1
123,48.0,Female,West,Graduate,Self-Employed,529222.75,167695.9,Education,648.0,0,252,91.85,2018-10-30,1
124,56.0,Male,West,Primary,Unemployed,432392.11,391184.48,Other,694.0,0,215,24.77,2024-07-05,0
125,49.0,Male,East,Secondary,Unemployed,553406.9,239300.13,Home,650.0,2,229,84.08,2025-05-10,1
126,35.0,Other,North,Primary,Salaried,643659.82,603060.29,Car,620.0,2,52,37.51,2017-08-04,0
127,49.0,Male,South,Secondary,Salaried,458079.06,409682.32,Business,734.0,0,58,54.8,2026-03-14,0
128,47.0,Other,North,Secondary,Self-Employed,587992.62,146815.08,Education,736.0,0,103,65.63,2024-06-16,0
129,35.0,Female,South,Primary,Salaried,138306.89,214999.59,Education,773.0,2,299,41.32,2022-11-11,0
130,35.0,Male,North,Graduate,Unemployed,367666.95,677331.93,Business,547.0,1,112,76.01,2021-11-22,1
131,37.0,Female,South,Primary,Unemployed,1006629.87,20000.0,Car,721.0,2,241,19.97,2025-06-16,0
132,22.0,Male,East,Primary,Unemployed,535797.42,86081.17,Home,728.0,1,233,59.47,2025-10-25,0
133,31.0,Female,West,Graduate,Salaried,441348.74,449362.84,Other,657.0,0,114,71.36,2021-11-09,0
134,61.0,Other,East,Primary,Self-Employed,593652.74,417870.02,Business,714.0,1,233,73.68,2019-06-02,0
135,61.0,Male,West,Graduate,Unemployed,599099.37,126245.3,Business,800.0,1,21,55.41,2024-01-17,0
136,59.0,Other,South,Post-Graduate,Salaried,819340.57,259622.08,Other,673.0,0,122,21.28,2017-06-22,0
137,,Other,East,Post-Graduate,,,153185.0,Business,,0,142,12.68,2022-07-11,0
138,27.0,Other,East,Graduate,Salaried,633195.17,521377.99,Home,801.0,4,130,79.26,2025-02-25,1
139,31.0,Female,West,Secondary,Self-Employed,762852.32,596481.64,Other,788.0,1,207,72.19,2024-12-25,0
140,,Other,West,Graduate,,,397542.24,Business,,3,257,38.64,2018-01-15,0
141,49.0,Female,South,Post-Graduate,Salaried,553485.87,456414.78,Education,720.0,1,262,67.82,2022-08-23,0
142,24.0,Female,East,Graduate,Unemployed,100647.16,98297.19,Education,650.0,3,43,46.17,2017-08-17,0
143,54.0,Other,North,Secondary,Salaried,818445.76,415218.58,Car,850.0,2,247,84.24,2022-09-11,1
144,60.0,Other,West,Post-Graduate,Unemployed,686850.66,389967.58,Car,770.0,2,150,62.95,2018-12-25,0
145,34.0,Other,West,Post-Graduate,Self-Employed,477615.14,393383.45,Home,641.0,3,60,31.01,2020-07-14,0
146,57.0,Male,East,Secondary,Self-Employed,947078.18,20000.0,Car,698.0,1,47,31.94,2024-11-17,0
147,34.0,Female,East,Post-Graduate,Unemployed,604221.26,285935.18,Other,550.0,1,29,16.25,2022-10-18,1
148,63.0,Female,West,Graduate,Self-Employed,986501.04,211304.52,Business,523.0,1,152,31.14,2018-09-06,1
149,40.0,Female,East,Graduate,Salaried,275874.56,73110.67,Home,549.0,3,226,57.44,2018-11-01,1
150,57.0,Other,South,Graduate,Salaried,901422.87,289259.81,Other,677.0,2,138,29.1,2024-12-07,0
151,59.0,Other,South,Secondary,Salaried,552501.4,367258.54,Business,632.0,3,236,64.33,2026-03-08,0
152,36.0,Female,East,Primary,Salaried,602322.94,449701.52,Education,448.0,2,145,36.17,2026-01-03,1
153,54.0,Male,East,Secondary,Self-Employed,615964.08,318088.49,Home,648.0,1,24,91.88,2019-05-04,1
154,36.0,Other,South,Graduate,Salaried,493178.59,284573.38,Home,677.0,3,20,28.33,2018-10-09,0
155,61.0,Other,East,Secondary,Unemployed,726484.96,448553.01,Business,531.0,1,82,93.06,2018-05-23,1
156,24.0,Male,North,Graduate,Self-Employed,835865.96,260705.03,Business,639.0,0,117,44.35,2022-06-09,0
157,21.0,Female,East,Secondary,Salaried,861730.03,385492.55,Education,737.0,2,108,37.91,2022-11-13,0
158,64.0,Female,North,Primary,Self-Employed,758849.23,108296.61,Business,548.0,2,243,41.73,2022-07-10,1
159,54.0,Male,North,Secondary,Salaried,610422.26,265140.13,Other,716.0,6,172,42.32,2022-01-05,1
160,36.0,Female,North,Secondary,Salaried,337748.27,55398.99,Other,693.0,2,40,26.64,2023-08-06,0
161,39.0,Female,South,Post-Graduate,Self-Employed,789732.15,342178.71,Business,688.0,0,296,50.73,2026-02-25,0
162,48.0,Female,West,Graduate,Unemployed,584351.72,294947.02,Other,603.0,1,46,89.02,2017-03-15,1
163,30.0,Male,North,Secondary,Unemployed,121974.21,359525.8,Car,801.0,1,282,67.9,2023-04-21,0
164,27.0,Female,North,Secondary,Salaried,793270.8,218951.67,Car,721.0,2,55,46.08,2022-12-14,0
165,48.0,Other,North,Secondary,Salaried,484592.6,472849.89,Business,599.0,0,137,53.79,2018-04-24,1
166,24.0,Female,West,Graduate,Salaried,617117.84,194701.25,Car,626.0,4,173,31.73,2019-12-07,0
167,25.0,Female,East,Post-Graduate,Salaried,800725.4,215932.78,Car,825.0,0,183,22.72,2025-06-23,0
168,27.0,Female,South,Post-Graduate,Salaried,392951.5,378654.41,Other,621.0,2,162,29.57,2018-08-11,0
169,62.0,Male,South,Graduate,Salaried,215763.01,340162.68,Home,796.0,2,104,67.45,2016-08-30,0
170,58.0,Male,South,Graduate,Unemployed,178672.27,551655.12,Other,635.0,2,38,61.27,2025-03-06,0
171,25.0,Female,West,Primary,Self-Employed,194238.53,384501.82,Education,591.0,1,68,80.71,2020-03-28,1
172,26.0,Other,West,Graduate,Unemployed,422175.34,329425.13,Other,631.0,2,77,38.31,2020-05-02,0
173,50.0,Female,West,Primary,Unemployed,564121.91,220700.7,Home,523.0,1,227,44.81,2024-03-23,1
174,25.0,Female,East,Graduate,Salaried,442767.78,537519.75,Home,655.0,4,134,22.96,2024-07-02,0
175,,Male,North,Graduate,,,414614.41,Home,,0,250,83.5,2020-11-10,1
176,22.0,Male,West,Post-Graduate,Self-Employed,311205.06,114275.58,Car,681.0,0,170,32.36,2020-06-03,0
177,57.0,Other,West,Post-Graduate,Salaried,215887.06,121402.71,Business,684.0,4,162,94.33,2017-10-31,1
178,50.0,Female,West,Graduate,Self-Employed,197288.89,303918.36,Home,482.0,2,177,84.63,2022-11-10,1
179,34.0,Male,East,Post-Graduate,Unemployed,424234.28,365095.11,Business,726.0,1,149,29.01,2025-07-04,0
180,21.0,Female,West,Primary,Self-Employed,469399.47,307580.37,Home,693.0,1,183,61.54,2017-03-07,0
181,41.0,Female,East,Graduate,Salaried,947551.89,383671.55,Business,680.0,1,136,20.35,2023-10-03,0
182,26.0,Other,North,Post-Graduate,Self-Employed,272040.94,308497.49,Home,722.0,2,39,47.36,2017-06-28,0
183,51.0,Male,East,Post-Graduate,Unemployed,185891.78,488465.45,Business,771.0,1,286,74.11,2022-04-12,0
184,27.0,Male,South,Graduate,Unemployed,96100.14,215452.65,Car,647.0,0,209,32.56,2025-05-30,0
185,57.0,Female,West,Post-Graduate,Salaried,502955.8,325562.43,Home,692.0,3,143,82.08,2023-12-27,1
186,27.0,Other,South,Secondary,Self-Employed,600761.51,280723.88,Other,759.0,1,111,50.94,2017-04-24,0
187,43.0,Male,West,Primary,Salaried,819660.88,414329.76,Home,677.0,1,98,59.48,2025-05-19,0
188,38.0,Female,North,Secondary,Self-Employed,556421.57,316326.84,Education,590.0,1,261,63.49,2021-10-06,1
189,38.0,Other,East,Post-Graduate,Self-Employed,253013.48,185663.78,Business,679.0,1,215,83.5,2026-04-28,1
190,29.0,Male,West,Secondary,Self-Employed,1154605.36,20000.0,Car,644.0,3,124,18.68,2017-12-08,0
191,35.0,Other,South,Primary,Self-Employed,550548.83,243036.4,Business,672.0,3,233,64.12,2024-01-16,0
192,33.0,Female,East,Primary,Self-Employed,638179.47,281431.56,Education,758.0,1,106,67.82,2019-11-01,0
193,52.0,Other,West,Secondary,Self-Employed,873267.15,386305.44,Other,485.0,5,280,56.72,2018-10-01,1
194,28.0,Female,East,Graduate,Unemployed,646441.87,281109.15,Other,622.0,0,239,86.41,2023-08-27,1
195,45.0,Female,West,Graduate,Salaried,751782.78,496673.83,Car,579.0,0,97,15.89,2025-04-13,1
196,36.0,Other,West,Secondary,Self-Employed,474384.38,212496.3,Home,683.0,4,200,88.23,2021-05-21,1
197,42.0,Female,West,Post-Graduate,Self-Employed,734574.02,460876.1,Car,650.0,2,143,43.04,2018-08-25,0
198,59.0,Female,North,Secondary,Unemployed,390197.58,347256.07,Other,666.0,2,141,79.36,2025-08-03,1
199,,Female,North,Post-Graduate,,,177953.2,Other,,3,105,74.02,2020-06-27,0
200,42.0,Female,North,Secondary,Self-Employed,564989.29,285844.24,Car,673.0,2,107,39.1,2019-09-28,0
201,21.0,Male,West,Graduate,Self-Employed,1175102.52,461314.96,Other,528.0,5,205,10.79,2019-01-23,1
202,59.0,Other,West,Primary,Self-Employed,619607.35,380869.82,Other,707.0,1,29,73.1,2025-05-10,0
203,40.0,Female,East,Post-Graduate,Unemployed,986131.5,441779.06,Home,734.0,4,140,91.44,2020-06-25,1
204,44.0,Other,North,Secondary,Unemployed,80000.0,166876.17,Education,645.0,3,151,71.38,2020-07-28,0
205,36.0,Male,North,Post-Graduate,Salaried,485465.75,246342.42,Home,648.0,3,22,15.51,2025-05-11,0
206,38.0,Female,South,Graduate,Salaried,497043.46,410139.14,Home,600.0,0,43,67.5,2023-03-04,0
207,58.0,Female,North,Graduate,Self-Employed,523411.63,309839.08,Education,767.0,1,95,76.72,2019-11-15,1
208,38.0,Female,South,Secondary,Unemployed,244753.86,382990.9,Business,640.0,2,132,46.89,2022-02-03,0
209,47.0,Other,South,Secondary,Salaried,454340.78,274312.62,Home,729.0,2,217,64.08,2017-03-24,0
210,33.0,Other,West,Secondary,Self-Employed,774562.48,427514.1,Other,750.0,2,157,38.43,2022-12-21,0
211,,Male,South,Post-Graduate,,,551332.11,Education,,2,54,46.52,2022-06-22,0
212,59.0,Female,East,Primary,Self-Employed,783723.38,244675.47,Education,712.0,3,279,14.24,2019-08-09,0
213,40.0,Other,South,Primary,Self-Employed,80000.0,275864.26,Education,752.0,1,207,43.9,2026-04-30,0
214,48.0,Other,East,Post-Graduate,Unemployed,794527.3,353022.44,Education,689.0,0,125,33.99,2023-06-24,0
215,40.0,Female,East,Secondary,Self-Employed,361484.56,156959.31,Business,594.0,2,247,12.86,2020-07-20,1
216,35.0,Male,South,Post-Graduate,Unemployed,115870.32,457958.61,Education,842.0,1,26,17.35,2024-01-09,0
217,39.0,Other,East,Graduate,Salaried,616747.68,377390.88,Business,554.0,3,237,26.25,2023-06-24,1
218,62.0,Female,North,Primary,Unemployed,467736.83,346059.68,Business,669.0,2,136,29.15,2026-02-05,0
219,42.0,Female,South,Graduate,Salaried,665973.61,211428.29,Car,709.0,1,62,15.75,2026-04-19,0
220,22.0,Other,East,Secondary,Unemployed,608786.97,626060.76,Home,755.0,2,24,90.38,2016-08-15,1
221,52.0,Other,North,Graduate,Self-Employed,1008163.12,260863.16,Home,755.0,0,78,49.04,2026-01-21,0
222,42.0,Other,East,Secondary,Salaried,427692.73,193644.94,Education,639.0,2,251,84.62,2019-06-01,1
223,55.0,Female,West,Secondary,Salaried,475625.34,196724.47,Car,686.0,3,63,55.79,2024-07-27,0
224,48.0,Other,East,Graduate,Salaried,759695.77,344812.94,Education,619.0,4,93,17.99,2022-11-17,0
225,36.0,Female,East,Graduate,Salaried,397196.7,440146.46,Business,763.0,2,287,24.11,2022-01-30,0
226,50.0,Male,South,Secondary,Unemployed,254864.16,249783.7,Business,647.0,2,126,36.62,2026-01-30,0
227,48.0,Other,East,Primary,Self-Employed,416049.02,330550.81,Home,695.0,4,288,37.46,2020-02-03,0
228,24.0,Female,North,Post-Graduate,Self-Employed,660309.53,271928.36,Education,758.0,1,44,17.91,2018-05-26,0
229,64.0,Other,West,Graduate,Salaried,744908.29,348869.45,Car,695.0,2,153,70.37,2023-05-25,0
230,46.0,Female,North,Graduate,Unemployed,511708.43,100809.52,Car,766.0,3,296,19.6,2023-01-22,0
231,35.0,Other,North,Post-Graduate,Unemployed,540266.98,244976.34,Education,648.0,4,127,50.06,2017-05-16,0
232,29.0,Other,West,Primary,Salaried,369397.45,226635.78,Home,703.0,1,66,24.86,2023-12-20,0
233,34.0,Male,East,Post-Graduate,Salaried,816961.74,243287.08,Home,632.0,0,136,44.71,2018-08-16,0
234,53.0,Male,South,Post-Graduate,Self-Employed,296880.74,270189.14,Education,704.0,1,226,32.12,2018-10-30,0
235,34.0,Other,West,Secondary,Self-Employed,505167.52,129199.81,Home,574.0,1,166,93.03,2024-09-21,1
236,,Female,West,Graduate,,,243352.37,Education,,1,121,33.8,2021-08-02,0
237,56.0,Male,West,Post-Graduate,Salaried,810853.58,374281.94,Education,683.0,3,139,69.81,2024-09-13,0
238,55.0,Male,East,Graduate,Salaried,638578.96,266480.1,Business,652.0,0,108,80.09,2018-07-17,1
239,36.0,Female,South,Primary,Self-Employed,786351.05,167112.6,Home,627.0,3,139,25.75,2022-07-13,0
240,41.0,Other,South,Primary,Salaried,637187.72,410145.7,Education,628.0,0,54,32.76,2019-10-28,0
241,24.0,Male,South,Secondary,Salaried,416553.01,305409.51,Other,707.0,0,220,87.32,2021-01-10,1
242,49.0,Male,South,Secondary,Self-Employed,890877.19,222313.1,Car,699.0,2,166,85.86,2025-03-18,1
243,23.0,Other,North,Graduate,Salaried,4790212.7,1037085.32,Car,792.0,0,279,42.68,2023-06-21,0
244,32.0,Other,East,Secondary,Salaried,877263.51,363635.14,Home,691.0,4,172,10.25,2018-07-21,0
245,40.0,Male,North,Graduate,Salaried,801641.04,330907.43,Other,665.0,2,161,61.92,2024-12-20,0
246,40.0,Female,North,Secondary,Self-Employed,201799.3,312365.96,Home,563.0,0,209,80.83,2020-12-29,1
247,37.0,Male,West,Primary,Unemployed,522697.73,187176.54,Home,705.0,3,56,34.19,2019-05-28,0
248,60.0,Female,West,Graduate,Unemployed,935112.61,252141.91,Other,616.0,5,65,24.04,2024-03-21,1
249,43.0,Male,West,Secondary,Unemployed,149215.08,62379.61,Home,701.0,4,27,83.34,2018-02-18,1
250,50.0,Other,East,Post-Graduate,Unemployed,727181.26,421605.55,Home,722.0,0,165,19.73,2017-03-10,0
251,49.0,Male,West,Post-Graduate,Self-Employed,746982.44,462839.05,Home,695.0,3,60,90.05,2022-01-01,1
252,29.0,Female,West,Primary,Salaried,395345.83,136440.14,Education,792.0,1,229,21.8,2019-08-10,0
253,32.0,Other,South,Primary,Salaried,838284.16,343068.62,Education,631.0,1,277,11.0,2020-06-29,0
254,51.0,Other,East,Post-Graduate,Unemployed,690375.88,280719.37,Other,529.0,1,232,78.68,2019-04-03,1
255,50.0,Female,West,Post-Graduate,Salaried,933951.42,278874.85,Home,666.0,2,92,36.04,2025-12-04,0
256,56.0,Other,South,Post-Graduate,Self-Employed,438077.99,508869.8,Car,659.0,4,67,11.05,2018-05-28,0
257,39.0,Female,East,Post-Graduate,Self-Employed,744209.54,20000.0,Business,578.0,1,212,90.46,2022-06-02,1
258,58.0,Other,North,Graduate,Self-Employed,611064.85,307436.78,Education,667.0,2,145,60.66,2020-02-27,0
259,25.0,Other,East,Graduate,Salaried,626790.06,479503.62,Business,701.0,1,132,21.95,2023-11-08,0
260,26.0,Male,North,Primary,Salaried,889527.71,132787.84,Business,687.0,0,253,43.61,2022-12-28,0
261,55.0,Male,East,Secondary,Unemployed,535300.98,539797.08,Home,724.0,0,189,41.86,2025-10-02,0
262,42.0,Other,East,Primary,Self-Employed,526129.92,335936.48,Education,752.0,4,128,92.51,2025-04-14,1
263,41.0,Other,West,Primary,Self-Employed,1507593.75,1285765.84,Other,818.0,3,128,26.54,2022-10-19,0
264,33.0,Female,East,Primary,Unemployed,1157825.04,110781.77,Other,610.0,3,299,94.98,2022-06-29,1
265,37.0,Male,South,Post-Graduate,Salaried,548678.23,650124.54,Home,703.0,2,27,13.35,2019-10-13,0
266,31.0,Female,East,Primary,Self-Employed,824866.24,378564.03,Other,701.0,0,110,87.3,2025-04-10,1
267,39.0,Male,West,Primary,Unemployed,451348.54,20000.0,Education,625.0,2,89,22.65,2017-02-04,0
268,53.0,Male,South,Graduate,Unemployed,618918.07,163595.28,Education,682.0,2,247,34.29,2018-04-22,0
269,24.0,Female,East,Primary,Salaried,146281.74,590458.4,Car,739.0,3,111,80.34,2026-03-27,1
270,39.0,Other,West,Primary,Salaried,646854.97,284002.31,Home,791.0,1,244,85.91,2018-11-04,1
271,41.0,Male,South,Post-Graduate,Self-Employed,324429.92,172512.07,Business,737.0,2,73,54.81,2018-12-06,0
272,55.0,Female,South,Graduate,Self-Employed,384411.91,471808.38,Education,637.0,1,76,77.44,2022-12-22,1
273,21.0,Other,North,Primary,Salaried,466096.67,428492.57,Car,721.0,1,207,65.98,2026-03-13,0
274,34.0,Other,North,Primary,Self-Employed,778914.56,352717.23,Business,765.0,0,284,71.47,2024-06-28,0
275,52.0,Other,West,Post-Graduate,Unemployed,189933.34,55116.24,Business,664.0,0,207,59.05,2021-05-29,0
276,36.0,Female,East,Secondary,Unemployed,462890.08,20000.0,Home,697.0,0,181,77.53,2021-10-19,1
277,47.0,Female,West,Primary,Self-Employed,308497.78,289283.15,Other,758.0,2,234,88.98,2020-04-03,1
278,,Female,East,Primary,,,308932.95,Business,,2,288,61.3,2018-05-04,0
279,48.0,Other,North,Primary,Salaried,386331.76,350255.57,Education,680.0,3,179,54.73,2020-01-04,0
280,38.0,Male,South,Graduate,Self-Employed,850927.38,184952.01,Education,597.0,2,78,75.9,2016-12-18,1
281,,Male,North,Post-Graduate,,,251366.28,Business,,1,260,53.45,2025-07-27,0
282,21.0,Male,South,Post-Graduate,Unemployed,833970.39,404081.77,Car,807.0,3,176,89.13,2019-12-26,1
283,43.0,Other,East,Primary,Self-Employed,646225.2,142055.24,Home,696.0,4,198,17.59,2020-10-05,0
284,63.0,Female,North,Post-Graduate,Salaried,864985.14,20000.0,Education,669.0,2,42,31.61,2022-12-23,0
285,62.0,Other,West,Post-Graduate,Unemployed,647876.73,310255.59,Business,595.0,0,230,64.75,2018-07-14,1
286,64.0,Female,North,Post-Graduate,Salaried,864621.14,299473.8,Education,602.0,3,275,41.34,2019-05-14,0
287,29.0,Male,West,Graduate,Salaried,654979.29,101085.74,Business,809.0,4,192,13.05,2017-12-27,0
288,63.0,Male,South,Post-Graduate,Unemployed,444593.21,356461.43,Business,607.0,3,84,85.67,2023-04-08,1
289,22.0,Other,North,Post-Graduate,Self-Employed,463971.5,275581.06,Education,683.0,2,184,87.44,2018-07-23,1
290,45.0,Male,East,Secondary,Salaried,349453.14,267294.62,Other,468.0,2,43,71.61,2018-09-27,1
291,50.0,Other,North,Secondary,Self-Employed,605616.47,382067.87,Education,585.0,4,200,16.49,2023-07-24,1
292,32.0,Other,South,Secondary,Salaried,878580.42,131017.98,Car,642.0,2,74,54.03,2023-06-04,0
293,49.0,Female,South,Secondary,Unemployed,641190.21,307633.16,Car,693.0,3,214,70.36,2018-04-17,0
294,25.0,Other,North,Secondary,Unemployed,660988.3,284511.79,Business,548.0,2,109,94.17,2017-06-11,1
295,46.0,Female,West,Graduate,Unemployed,1131608.9,364946.5,Education,747.0,2,218,21.97,2026-03-23,0
296,58.0,Male,West,Primary,Self-Employed,1095394.79,230939.01,Business,749.0,3,68,90.53,2016-05-12,1
297,40.0,Other,East,Graduate,Unemployed,534255.3,24643.31,Home,706.0,0,260,89.1,2025-03-14,1
298,41.0,Female,North,Graduate,Self-Employed,754981.58,174728.56,Business,847.0,0,245,30.56,2020-05-13,0
299,37.0,Male,North,Graduate,Self-Employed,626923.75,361767.94,Home,575.0,3,254,67.32,2021-03-18,1
300,,Other,North,Post-Graduate,,,235613.34,Other,,4,109,54.42,2025-02-11,0
301,37.0,Other,North,Post-Graduate,Unemployed,494055.9,57395.56,Car,622.0,2,78,40.18,2025-08-08,0
302,56.0,Female,West,Secondary,Salaried,639263.65,304002.16,Business,725.0,2,27,75.71,2021-09-23,1
303,48.0,Male,East,Primary,Unemployed,779939.49,106009.06,Car,603.0,3,93,76.68,2021-01-17,1
304,49.0,Male,South,Post-Graduate,Self-Employed,718101.57,112438.84,Other,728.0,3,120,30.89,2022-08-19,0
305,23.0,Other,South,Graduate,Self-Employed,1124930.45,262946.14,Education,651.0,3,112,50.93,2020-07-02,0
306,24.0,Female,West,Graduate,Unemployed,438114.55,512940.45,Other,631.0,5,200,40.48,2017-09-18,1
307,39.0,Male,East,Primary,Self-Employed,399006.9,411913.22,Home,593.0,3,95,74.5,2021-12-20,1
308,61.0,Other,West,Graduate,Self-Employed,777105.26,267307.19,Other,591.0,6,128,60.25,2022-01-09,1
309,47.0,Male,East,Primary,Unemployed,786525.25,56244.6,Car,687.0,1,214,18.08,2022-12-31,0
310,43.0,Female,East,Post-Graduate,Salaried,520860.41,228214.91,Other,756.0,3,200,34.01,2022-12-11,0
311,59.0,Other,North,Graduate,Unemployed,558200.96,399924.91,Business,813.0,1,157,27.05,2021-07-17,0
312,56.0,Other,East,Secondary,Unemployed,1208602.16,136913.11,Other,593.0,1,57,72.2,2020-08-24,1
313,,Male,West,Graduate,,,369388.69,Education,,3,66,78.57,2023-08-27,1
314,51.0,Female,South,Secondary,Self-Employed,430608.84,405804.78,Business,619.0,1,291,16.67,2017-01-09,0
315,58.0,Male,South,Secondary,Salaried,633314.31,37616.99,Home,742.0,3,142,74.52,2024-01-30,0
316,52.0,Female,North,Primary,Unemployed,251166.57,406959.18,Education,756.0,2,213,69.26,2017-10-28,0
317,21.0,Other,South,Post-Graduate,Salaried,495555.05,441335.72,Car,650.0,1,82,75.0,2020-01-26,0
318,60.0,Male,South,Post-Graduate,Salaried,485067.32,272564.75,Business,522.0,3,62,81.31,2025-06-25,1
319,55.0,Female,South,Post-Graduate,Unemployed,3607659.6,1948737.56,Education,684.0,3,32,91.73,2021-07-30,1
320,,Other,West,Secondary,,,328074.6,Car,,2,41,67.18,2024-09-06,0
321,31.0,Female,West,Secondary,Self-Employed,548712.94,229438.67,Other,682.0,1,132,11.68,2025-11-11,0
322,61.0,Female,West,Graduate,Self-Employed,625465.18,245024.84,Other,577.0,4,52,34.29,2017-02-27,1
323,40.0,Other,West,Secondary,Salaried,320868.89,485371.74,Other,667.0,4,147,73.83,2020-09-09,0
324,22.0,Male,East,Primary,Unemployed,462928.18,155436.16,Business,603.0,2,176,93.05,2024-04-26,1
325,55.0,Female,North,Primary,Self-Employed,978399.49,207995.88,Home,628.0,2,285,53.93,2026-01-28,0
326,40.0,Male,East,Post-Graduate,Unemployed,1025380.27,161721.03,Car,599.0,3,176,88.67,2019-12-05,1
327,30.0,Female,North,Secondary,Self-Employed,463329.98,259251.73,Education,813.0,2,153,31.33,2020-11-10,0
328,21.0,Male,West,Primary,Self-Employed,935115.26,592300.64,Other,635.0,2,277,83.62,2025-06-28,1
329,,Female,South,Post-Graduate,,,148953.08,Education,,1,267,59.94,2022-06-11,1
330,56.0,Male,North,Graduate,Salaried,726770.31,224486.84,Education,668.0,3,102,91.39,2024-06-14,1
331,45.0,Male,South,Primary,Self-Employed,789476.35,518866.07,Business,613.0,3,263,73.61,2025-10-31,0
332,63.0,Other,South,Post-Graduate,Self-Employed,774396.65,59180.24,Other,644.0,2,267,29.48,2019-06-08,0
333,53.0,Male,North,Primary,Self-Employed,276934.33,403456.17,Car,639.0,2,66,12.51,2022-11-14,0
334,53.0,Male,West,Primary,Self-Employed,665871.8,195209.27,Car,610.0,1,80,46.11,2016-11-30,0
335,62.0,Female,North,Primary,Salaried,454986.69,335910.68,Business,719.0,2,110,54.32,2016-05-27,0
336,63.0,Other,West,Primary,Salaried,718000.57,93593.66,Business,652.0,5,206,48.62,2019-02-05,1
337,42.0,Other,North,Secondary,Unemployed,863666.64,365412.29,Car,850.0,1,37,80.1,2018-01-03,1
338,44.0,Female,West,Primary,Unemployed,586776.0,369837.6,Education,787.0,1,154,14.77,2018-02-10,0
339,48.0,Male,West,Secondary,Unemployed,476719.29,516544.8,Home,579.0,1,152,76.85,2026-02-08,1
340,32.0,Other,East,Primary,Unemployed,803301.3,418555.78,Other,707.0,2,88,10.68,2023-09-30,0
341,25.0,Other,North,Post-Graduate,Self-Employed,624901.44,51036.66,Home,508.0,3,51,78.79,2022-10-19,1
342,55.0,Other,West,Graduate,Self-Employed,733208.33,128169.27,Home,570.0,3,156,16.6,2018-07-02,1
343,57.0,Female,North,Graduate,Salaried,677065.21,20000.0,Home,702.0,2,233,35.16,2019-11-15,0
344,22.0,Other,East,Secondary,Salaried,654457.97,539210.1,Education,628.0,2,266,10.17,2016-08-08,0
345,56.0,Other,East,Secondary,Unemployed,965434.53,324157.72,Business,709.0,2,141,40.11,2018-02-12,0
346,39.0,Other,West,Secondary,Salaried,140373.29,261773.72,Home,652.0,1,66,43.24,2024-08-23,0
347,,Other,West,Primary,,,181511.1,Car,,4,160,83.99,2020-07-07,1
348,59.0,Male,South,Primary,Self-Employed,609558.36,293669.79,Education,834.0,4,26,75.7,2018-07-18,1
349,29.0,Other,West,Post-Graduate,Self-Employed,525080.84,292469.31,Home,850.0,2,44,72.16,2022-09-04,0
350,49.0,Other,South,Graduate,Self-Employed,322008.24,486674.71,Home,690.0,3,252,55.18,2023-03-13,0
351,38.0,Other,East,Graduate,Salaried,683431.97,255358.36,Education,672.0,0,49,65.06,2018-02-11,0
352,60.0,Female,West,Post-Graduate,Self-Employed,855846.4,293576.49,Education,684.0,0,41,50.74,2026-01-06,0
353,60.0,Male,West,Post-Graduate,Self-Employed,448324.93,331692.55,Other,776.0,3,22,39.79,2025-01-21,0
354,29.0,Female,North,Post-Graduate,Salaried,477024.39,271984.21,Business,630.0,4,254,80.67,2019-08-30,1
355,49.0,Other,South,Graduate,Self-Employed,667133.5,526951.39,Home,791.0,3,230,62.74,2018-06-12,0
356,41.0,Male,East,Graduate,Self-Employed,703662.0,536705.63,Business,591.0,2,234,61.46,2020-10-17,1
357,36.0,Other,West,Secondary,Unemployed,796031.9,346588.69,Business,829.0,1,288,70.59,2020-09-16,0
358,30.0,Female,West,Primary,Unemployed,877482.4,205453.13,Education,599.0,1,113,83.83,2023-02-28,1
359,23.0,Other,West,Graduate,Unemployed,256906.35,304656.73,Home,697.0,4,258,64.12,2020-04-02,0
360,56.0,Male,West,Graduate,Unemployed,480165.78,86699.02,Car,768.0,1,129,28.59,2021-09-06,0
361,42.0,Male,South,Post-Graduate,Salaried,753506.41,379258.92,Car,707.0,3,276,49.44,2022-04-01,0
362,45.0,Male,South,Graduate,Self-Employed,593036.11,352447.51,Business,554.0,0,197,76.62,2021-04-27,1
363,32.0,Other,North,Secondary,Unemployed,767685.24,256161.04,Business,642.0,1,195,80.27,2025-01-25,1
364,55.0,Female,East,Post-Graduate,Salaried,761157.06,474209.82,Other,615.0,4,272,37.04,2024-03-11,0
365,44.0,Male,East,Post-Graduate,Self-Employed,590173.18,279825.48,Education,706.0,2,185,11.46,2025-09-09,0
366,55.0,Male,North,Primary,Unemployed,957841.7,500235.49,Car,730.0,0,226,53.49,2021-08-01,0
367,63.0,Female,West,Primary,Self-Employed,567953.63,398958.18,Education,547.0,0,48,74.32,2025-08-25,1
368,25.0,Other,West,Secondary,Unemployed,231240.7,174158.81,Education,712.0,3,202,62.57,2025-01-27,0
369,38.0,Other,West,Secondary,Salaried,4398072.05,1529589.4,Car,735.0,0,208,67.36,2024-04-06,0
370,21.0,Male,West,Secondary,Unemployed,999343.2,222091.05,Business,692.0,2,83,78.87,2024-03-01,1
371,,Male,East,Graduate,,,168027.85,Home,,2,131,12.12,2023-10-18,0
372,,Other,East,Graduate,,,20000.0,Car,,7,45,72.95,2022-05-01,1
373,36.0,Female,South,Primary,Salaried,483548.61,277374.34,Car,674.0,0,147,62.39,2022-01-03,0
374,29.0,Male,West,Primary,Self-Employed,487085.13,425134.26,Other,811.0,3,234,34.35,2020-01-29,0
375,32.0,Other,East,Post-Graduate,Unemployed,663291.31,423051.6,Car,677.0,1,295,39.54,2021-12-30,0
376,27.0,Other,North,Primary,Self-Employed,713685.23,351460.05,Business,704.0,1,30,77.1,2016-12-09,1
377,40.0,Other,West,Post-Graduate,Self-Employed,435099.43,194269.73,Other,541.0,0,71,47.27,2017-08-03,1
378,30.0,Male,South,Graduate,Unemployed,542272.44,290735.37,Home,718.0,2,112,29.76,2016-06-08,0
379,43.0,Female,West,Graduate,Salaried,407500.98,105582.5,Other,643.0,2,185,83.5,2024-11-24,1
380,44.0,Other,South,Secondary,Self-Employed,645356.66,427660.38,Other,800.0,1,285,52.97,2020-12-20,0
381,54.0,Male,North,Secondary,Self-Employed,243405.27,417204.33,Car,612.0,2,125,33.96,2021-11-29,0
382,52.0,Male,East,Secondary,Self-Employed,593835.68,560827.7,Other,654.0,4,186,57.82,2018-07-23,0
383,36.0,Female,North,Graduate,Salaried,530279.15,426773.7,Other,676.0,4,246,77.98,2017-05-08,1
384,33.0,Female,South,Graduate,Unemployed,248702.54,221075.65,Other,522.0,1,248,53.36,2019-05-04,1
385,50.0,Male,South,Secondary,Salaried,512200.95,702701.14,Other,581.0,3,139,25.75,2022-05-10,1
386,26.0,Other,East,Primary,Salaried,765180.85,295413.15,Home,773.0,3,266,58.56,2018-01-05,0
387,41.0,Male,East,Secondary,Unemployed,904489.79,223020.55,Business,622.0,3,146,28.74,2019-05-15,0
388,40.0,Other,North,Post-Graduate,Unemployed,542368.84,245902.81,Other,723.0,1,146,61.02,2024-06-27,0
389,28.0,Female,East,Post-Graduate,Salaried,270169.52,208807.73,Business,710.0,1,238,13.41,2021-01-07,0
390,37.0,Female,West,Primary,Unemployed,183678.83,201570.61,Home,621.0,4,21,74.64,2025-01-02,0
391,30.0,Male,West,Post-Graduate,Self-Employed,689934.19,325305.94,Business,796.0,3,135,66.95,2020-07-04,0
392,52.0,Male,East,Secondary,Self-Employed,381961.58,235064.88,Education,705.0,5,117,28.32,2021-08-01,1
393,51.0,Other,East,Post-Graduate,Salaried,662294.67,165976.01,Education,614.0,2,158,58.32,2022-08-05,0
394,28.0,Other,North,Graduate,Salaried,463435.24,190356.56,Business,740.0,4,211,46.64,2025-09-08,0
395,48.0,Male,East,Post-Graduate,Salaried,420291.9,411750.8,Car,664.0,4,166,26.35,2019-03-18,0
396,52.0,Male,North,Graduate,Self-Employed,583952.96,349701.25,Other,722.0,1,77,48.73,2018-12-09,0
397,21.0,Female,South,Secondary,Self-Employed,84825.37,386851.16,Other,791.0,1,203,47.64,2023-09-19,0
398,32.0,Other,East,Secondary,Salaried,524060.05,349314.05,Business,682.0,2,156,30.4,2017-04-13,0
399,46.0,Other,West,Post-Graduate,Self-Employed,379944.95,110952.86,Business,747.0,1,137,66.26,2018-02-22,0
400,36.0,Male,North,Post-Graduate,Unemployed,573690.76,102957.73,Business,748.0,1,214,74.35,2020-09-13,0
401,21.0,Male,South,Graduate,Salaried,551080.36,521808.54,Home,648.0,4,195,68.74,2024-06-16,0
402,35.0,Female,West,Post-Graduate,Self-Employed,743834.72,550524.39,Other,645.0,4,272,51.89,2023-11-21,0
403,23.0,Male,North,Post-Graduate,Salaried,297741.4,264249.27,Education,689.0,5,233,54.47,2025-04-11,1
404,25.0,Other,East,Post-Graduate,Self-Employed,347834.0,508881.79,Home,516.0,1,222,78.08,2019-03-12,1
405,28.0,Female,North,Secondary,Self-Employed,417114.36,262746.3,Other,566.0,5,109,77.11,2023-06-16,1
406,45.0,Female,North,Post-Graduate,Unemployed,710696.38,350126.46,Business,667.0,4,181,14.28,2023-05-19,0
407,55.0,Other,East,Primary,Salaried,496598.62,583153.15,Home,724.0,2,228,16.5,2024-05-11,0
408,34.0,Female,East,Graduate,Unemployed,266129.61,106925.46,Education,568.0,2,164,80.94,2018-08-20,1
409,25.0,Male,South,Post-Graduate,Unemployed,633229.66,425321.88,Home,655.0,3,182,11.42,2025-09-28,0
410,26.0,Male,North,Secondary,Unemployed,533571.54,328563.58,Education,715.0,1,24,36.5,2024-12-23,0
411,39.0,Female,West,Secondary,Unemployed,713377.18,152655.89,Other,684.0,1,63,19.89,2019-10-04,0
412,,Male,East,Graduate,,,454780.2,Business,,3,164,86.44,2016-12-13,1
413,36.0,Other,East,Graduate,Unemployed,999012.12,246489.22,Other,850.0,1,206,12.48,2023-04-24,0
414,35.0,Other,West,Graduate,Self-Employed,1088807.51,285991.97,Home,637.0,2,265,37.0,2025-07-07,0
415,54.0,Female,East,Primary,Self-Employed,688386.97,261610.42,Other,789.0,3,240,43.85,2022-03-02,0
416,38.0,Female,North,Post-Graduate,Self-Employed,957364.45,255210.49,Other,701.0,4,25,31.35,2024-05-25,0
417,37.0,Other,South,Primary,Unemployed,676403.59,58100.74,Business,719.0,2,125,10.54,2023-09-22,0
418,55.0,Male,West,Secondary,Unemployed,529855.83,140169.8,Car,775.0,1,233,79.74,2025-01-23,1
419,53.0,Male,North,Secondary,Salaried,567620.69,386978.59,Business,623.0,1,95,66.06,2023-09-02,0
420,43.0,Female,West,Secondary,Self-Employed,813888.91,34581.21,Car,630.0,1,144,28.93,2022-07-30,0
421,61.0,Female,West,Primary,Unemployed,309554.04,257529.17,Car,655.0,2,113,18.52,2020-04-05,0
422,22.0,Other,South,Graduate,Unemployed,297630.77,213119.98,Business,662.0,3,228,29.68,2021-11-29,0
423,64.0,Other,West,Graduate,Salaried,565150.7,410947.97,Business,527.0,0,163,10.96,2020-05-25,1
424,27.0,Other,East,Graduate,Unemployed,929575.58,135140.58,Education,615.0,3,98,33.08,2024-01-20,0
425,36.0,Other,West,Secondary,Salaried,609897.63,134211.54,Education,587.0,1,27,89.08,2021-12-01,1
426,57.0,Other,East,Secondary,Self-Employed,522773.12,83723.34,Education,748.0,1,90,14.36,2022-09-14,0
427,49.0,Other,South,Post-Graduate,Self-Employed,569681.13,565174.36,Business,720.0,1,184,74.61,2020-10-09,0
428,43.0,Female,East,Graduate,Salaried,1060725.76,231136.45,Other,624.0,2,49,43.31,2024-07-20,0
429,35.0,Other,West,Post-Graduate,Self-Employed,444133.91,411734.77,Car,578.0,0,57,30.45,2016-12-22,1
430,42.0,Female,North,Graduate,Unemployed,326640.85,377477.59,Home,757.0,2,145,55.49,2016-10-15,0
431,22.0,Female,West,Graduate,Unemployed,300802.84,434054.65,Business,751.0,2,206,44.95,2026-01-28,0
432,31.0,Male,South,Graduate,Unemployed,1057405.05,530961.11,Education,768.0,2,126,33.71,2021-05-26,0
433,23.0,Male,North,Secondary,Salaried,967395.63,344314.09,Home,733.0,2,190,91.92,2026-03-18,1
434,52.0,Other,South,Secondary,Salaried,418938.37,477524.05,Home,585.0,4,185,22.19,2021-05-26,1
435,40.0,Female,East,Post-Graduate,Salaried,782227.29,144410.14,Car,729.0,2,227,28.05,2024-11-06,0
436,32.0,Male,South,Post-Graduate,Unemployed,270932.49,201427.53,Business,707.0,2,31,38.22,2017-12-02,0
437,22.0,Female,South,Graduate,Self-Employed,619731.95,254454.22,Education,714.0,4,178,78.47,2016-06-26,1
438,54.0,Other,North,Primary,Unemployed,697116.6,543328.97,Other,836.0,1,165,20.84,2024-11-16,0
439,56.0,Male,North,Secondary,Self-Employed,556799.57,415788.02,Car,715.0,2,236,36.17,2016-08-06,0
440,,Male,West,Post-Graduate,,,495613.27,Education,,2,168,63.87,2016-06-18,0
441,64.0,Male,North,Graduate,Unemployed,458905.7,289336.11,Other,730.0,1,65,21.44,2016-07-01,0
442,35.0,Male,East,Graduate,Self-Employed,672488.11,288923.11,Other,743.0,3,275,76.28,2018-07-11,1
443,40.0,Other,West,Secondary,Unemployed,745988.75,20000.0,Business,786.0,3,91,18.07,2024-10-08,0
444,21.0,Female,South,Primary,Self-Employed,656648.0,180646.54,Car,665.0,0,39,59.53,2020-11-19,0
445,47.0,Other,West,Graduate,Unemployed,534726.48,20000.0,Car,670.0,3,207,20.91,2020-09-22,0
446,63.0,Male,East,Graduate,Unemployed,98305.33,328434.58,Car,600.0,2,294,72.07,2019-07-04,0
447,43.0,Male,West,Post-Graduate,Unemployed,485112.76,39283.25,Education,763.0,1,259,33.99,2019-09-20,0
448,32.0,Male,West,Primary,Salaried,687442.38,468278.68,Car,850.0,0,230,80.76,2025-11-22,1
449,48.0,Female,East,Secondary,Salaried,412324.49,293285.95,Education,674.0,2,249,65.5,2024-01-27,0
450,32.0,Female,South,Post-Graduate,Self-Employed,558948.97,538475.85,Education,725.0,2,173,75.49,2017-01-20,1
451,61.0,Female,North,Graduate,Unemployed,776519.73,263597.81,Education,597.0,3,30,41.45,2019-01-19,1
452,55.0,Other,South,Primary,Unemployed,907500.14,222090.54,Home,652.0,3,183,24.11,2019-08-31,0
453,58.0,Female,East,Secondary,Self-Employed,418803.25,788401.16,Other,605.0,3,83,48.88,2018-03-28,0
454,27.0,Other,East,Primary,Unemployed,540155.79,20000.0,Education,584.0,1,188,25.34,2021-11-21,1
455,63.0,Female,South,Secondary,Salaried,350795.67,309713.96,Business,647.0,1,23,72.42,2025-05-16,0
456,55.0,Male,West,Graduate,Self-Employed,782590.55,151250.93,Other,735.0,0,197,84.11,2020-05-28,1
457,36.0,Female,South,Secondary,Unemployed,517640.22,222877.12,Other,701.0,2,175,35.19,2019-07-01,0
458,50.0,Male,West,Graduate,Salaried,135055.11,459302.43,Other,693.0,2,58,52.71,2017-04-17,0
459,26.0,Male,North,Secondary,Unemployed,588534.69,175309.38,Other,767.0,3,106,37.68,2018-04-14,0
460,41.0,Male,South,Graduate,Unemployed,708376.37,365396.31,Business,477.0,5,174,39.06,2020-10-18,1
461,63.0,Male,South,Post-Graduate,Salaried,117155.78,430537.35,Other,656.0,0,293,60.95,2017-06-29,0
462,54.0,Female,North,Post-Graduate,Salaried,617215.5,542757.2,Other,659.0,3,229,32.48,2019-12-29,0
463,29.0,Female,West,Primary,Unemployed,663142.21,507679.81,Business,715.0,4,243,28.74,2017-07-24,0
464,23.0,Other,East,Primary,Self-Employed,875330.74,374863.47,Education,725.0,2,290,63.15,2026-04-13,0
465,40.0,Male,South,Primary,Salaried,470704.23,217775.05,Business,636.0,2,27,81.33,2023-05-14,1
466,33.0,Female,North,Primary,Salaried,566036.32,265277.25,Business,679.0,0,155,58.78,2022-12-05,0
467,46.0,Male,East,Post-Graduate,Salaried,471247.93,251646.22,Car,468.0,2,31,93.64,2019-06-01,1
468,63.0,Other,West,Graduate,Self-Employed,937875.73,417748.59,Business,769.0,1,153,68.17,2022-08-22,0
469,29.0,Female,West,Primary,Unemployed,534364.92,224795.19,Other,603.0,0,75,44.92,2019-04-08,0
470,59.0,Male,East,Primary,Salaried,725611.82,245803.42,Other,674.0,1,25,71.94,2025-06-18,0
471,31.0,Female,South,Secondary,Salaried,251542.24,215080.71,Home,729.0,3,133,63.36,2022-04-09,0
472,39.0,Female,West,Post-Graduate,Unemployed,860047.14,230661.41,Business,752.0,5,233,25.38,2025-04-13,1
473,55.0,Male,South,Post-Graduate,Self-Employed,905205.32,168483.93,Car,816.0,3,118,21.9,2025-10-27,0
474,28.0,Female,South,Primary,Salaried,163090.87,595271.45,Business,643.0,2,47,67.41,2020-08-29,0
475,59.0,Other,North,Secondary,Salaried,942024.62,124688.85,Home,469.0,2,244,65.75,2023-01-21,1
476,40.0,Male,North,Post-Graduate,Unemployed,469649.73,614376.53,Home,807.0,2,189,50.21,2024-08-31,0
477,40.0,Male,North,Post-Graduate,Self-Employed,339384.6,483963.32,Car,636.0,1,96,47.45,2022-11-07,0
478,58.0,Other,South,Primary,Salaried,980745.14,220281.82,Other,554.0,2,153,87.18,2018-04-25,1
479,44.0,Female,South,Graduate,Unemployed,532198.7,208301.58,Other,626.0,0,260,40.74,2023-03-29,0
480,45.0,Other,East,Secondary,Self-Employed,628237.01,443757.87,Car,684.0,1,145,59.05,2022-01-07,0
481,54.0,Other,South,Post-Graduate,Self-Employed,854897.95,78457.9,Education,715.0,1,61,25.37,2019-05-07,0
482,52.0,Male,South,Post-Graduate,Unemployed,905282.77,377613.27,Business,634.0,2,40,46.25,2025-06-23,0
483,60.0,Male,East,Post-Graduate,Unemployed,502820.88,359909.81,Education,753.0,2,34,42.93,2019-08-27,0
484,25.0,Other,West,Post-Graduate,Salaried,787341.49,460256.9,Education,728.0,1,118,57.38,2023-10-16,0
485,31.0,Female,South,Post-Graduate,Salaried,1175909.69,78083.37,Car,780.0,5,275,86.28,2019-04-10,1
486,22.0,Female,South,Post-Graduate,Salaried,886610.22,228920.27,Other,650.0,3,92,74.6,2016-12-14,0
487,25.0,Female,West,Secondary,Self-Employed,718817.87,329804.43,Car,777.0,0,176,35.79,2024-11-27,0
488,59.0,Female,South,Graduate,Unemployed,720149.68,414017.76,Home,764.0,2,149,92.04,2018-02-12,1
489,39.0,Female,East,Primary,Unemployed,947290.76,421663.25,Car,600.0,1,233,44.45,2020-02-22,0
490,58.0,Male,East,Post-Graduate,Unemployed,506258.98,423218.16,Other,683.0,4,289,25.54,2016-10-26,0
491,62.0,Other,North,Primary,Salaried,552460.51,308511.39,Other,692.0,2,99,78.75,2021-06-17,1
492,45.0,Other,South,Post-Graduate,Salaried,627580.28,417018.9,Education,686.0,4,153,68.02,2022-06-23,0
493,34.0,Female,North,Secondary,Salaried,638255.65,239521.61,Home,619.0,1,94,83.22,2018-02-10,1
494,27.0,Other,West,Secondary,Unemployed,402790.86,175217.81,Other,671.0,3,131,36.6,2019-02-22,0
495,21.0,Other,South,Post-Graduate,Salaried,700479.74,191705.5,Other,747.0,2,123,83.07,2023-03-22,1
496,57.0,Female,East,Post-Graduate,Self-Employed,887804.91,478756.12,Other,673.0,1,197,44.15,2018-12-30,0
497,51.0,Other,East,Graduate,Self-Employed,1221297.48,339716.3,Education,782.0,2,135,49.85,2019-09-26,0
498,35.0,Other,West,Post-Graduate,Salaried,562071.39,235109.83,Business,616.0,1,225,37.72,2020-03-17,0
499,50.0,Female,South,Graduate,Self-Employed,618181.16,328094.33,Business,569.0,2,208,21.84,2024-06-27,1
500,,Male,South,Secondary,,,286713.15,Education,,0,98,40.36,2020-05-23,0
501,45.0,Other,West,Graduate,Salaried,80000.0,441381.78,Car,681.0,1,228,48.36,2021-12-31,0
502,63.0,Female,South,Post-Graduate,Unemployed,861962.78,66985.83,Car,819.0,2,291,82.53,2025-06-06,1
503,61.0,Female,East,Graduate,Self-Employed,186157.78,257174.45,Business,686.0,3,167,10.14,2018-09-09,0
504,42.0,Female,South,Graduate,Salaried,1012809.14,180459.11,Car,850.0,1,119,53.6,2019-10-08,0
505,47.0,Other,West,Secondary,Unemployed,421329.83,378191.99,Home,705.0,1,279,30.58,2018-08-20,0
506,36.0,Other,North,Primary,Unemployed,642014.95,514328.66,Home,562.0,1,247,88.02,2021-12-24,1
507,57.0,Male,West,Secondary,Unemployed,790667.39,177781.56,Car,743.0,0,201,39.01,2023-10-26,0
508,38.0,Male,South,Primary,Salaried,1218546.0,1776421.28,Other,725.0,3,215,94.05,2018-02-15,1
509,40.0,Female,East,Primary,Unemployed,662068.48,56160.1,Other,703.0,1,203,79.6,2017-09-18,1
510,55.0,Female,West,Primary,Salaried,459326.99,140431.56,Other,616.0,1,102,46.39,2023-11-17,0
511,42.0,Other,West,Primary,Salaried,375308.19,20000.0,Other,701.0,4,226,76.57,2018-06-18,1
512,41.0,Other,East,Graduate,Salaried,1022900.54,152430.91,Other,759.0,1,133,26.16,2024-06-06,0
513,63.0,Other,West,Secondary,Salaried,398818.86,312761.85,Home,663.0,1,84,81.1,2025-12-14,1
514,,Other,South,Secondary,,,308028.42,Other,,5,21,24.24,2016-12-26,1
515,26.0,Other,East,Graduate,Self-Employed,961466.16,302447.34,Business,743.0,1,217,77.42,2026-02-03,1
516,47.0,Male,East,Post-Graduate,Self-Employed,925131.71,224474.38,Other,672.0,3,55,25.22,2020-02-23,0
517,61.0,Male,South,Graduate,Unemployed,500025.23,340394.21,Home,676.0,3,53,48.27,2017-03-18,0
518,52.0,Other,North,Primary,Self-Employed,645625.26,477283.66,Business,718.0,0,20,57.76,2019-06-12,0
519,62.0,Female,West,Primary,Unemployed,646982.91,400845.18,Home,722.0,1,116,26.72,2016-06-14,0
520,22.0,Other,South,Primary,Self-Employed,831102.55,408229.35,Business,688.0,4,206,78.08,2019-03-12,1
521,57.0,Other,East,Primary,Unemployed,683253.01,20000.0,Home,574.0,1,222,14.74,2017-04-06,1
522,,Male,South,Post-Graduate,,,194724.88,Home,,1,139,56.24,2023-05-23,0
523,38.0,Male,East,Primary,Salaried,334676.62,293180.25,Education,717.0,2,222,30.42,2024-03-08,0
524,38.0,Male,South,Secondary,Unemployed,546631.97,320983.08,Business,759.0,1,231,87.9,2023-01-27,1
525,35.0,Male,East,Secondary,Unemployed,652126.21,276057.63,Car,850.0,1,224,31.85,2025-01-09,0
526,46.0,Other,West,Graduate,Self-Employed,616173.61,361245.67,Car,655.0,0,45,46.02,2022-04-24,0
527,63.0,Other,North,Graduate,Salaried,782189.82,90375.4,Home,645.0,3,203,39.06,2017-03-01,0
528,,Female,South,Primary,,,375990.6,Other,,4,208,73.31,2025-07-07,0
529,46.0,Other,West,Graduate,Salaried,568893.17,214645.9,Education,635.0,3,252,28.63,2025-01-28,0
530,31.0,Female,West,Secondary,Self-Employed,1084997.1,201839.72,Other,605.0,2,87,70.79,2024-04-04,0
531,43.0,Female,West,Secondary,Unemployed,906787.92,368154.56,Other,850.0,3,85,11.88,2023-08-26,0
532,32.0,Other,West,Primary,Unemployed,770524.06,412902.35,Education,585.0,2,206,89.79,2023-06-13,1
533,50.0,Male,North,Primary,Self-Employed,795871.58,366393.63,Car,542.0,3,37,37.87,2022-07-19,1
534,27.0,Female,South,Post-Graduate,Self-Employed,415166.8,146558.17,Education,633.0,2,72,17.49,2019-06-21,0
535,28.0,Male,North,Primary,Self-Employed,517763.98,353895.39,Business,583.0,3,36,54.04,2018-02-06,1
536,30.0,Female,East,Primary,Salaried,537104.79,394522.32,Home,529.0,6,257,55.24,2016-08-18,1
537,24.0,Male,West,Post-Graduate,Unemployed,447943.37,354467.34,Other,704.0,2,125,70.5,2021-03-24,0
538,31.0,Other,West,Primary,Salaried,127587.68,150120.04,Home,697.0,0,281,26.32,2024-10-02,0
539,56.0,Female,North,Graduate,Self-Employed,940640.71,546092.18,Home,850.0,2,231,31.89,2016-07-01,0
540,50.0,Female,West,Post-Graduate,Salaried,319126.49,280967.89,Other,613.0,2,168,21.63,2017-02-19,0
541,58.0,Male,South,Post-Graduate,Salaried,83729.24,304268.64,Car,513.0,1,164,63.0,2021-05-11,1
542,52.0,Female,East,Graduate,Self-Employed,519925.55,170475.96,Car,677.0,3,37,16.37,2020-05-01,0
543,53.0,Male,South,Post-Graduate,Self-Employed,779448.37,219686.72,Business,693.0,3,83,56.54,2020-09-17,0
544,44.0,Female,West,Primary,Self-Employed,589565.72,227874.93,Education,735.0,1,265,65.57,2022-04-12,0
545,39.0,Male,West,Secondary,Self-Employed,823062.43,340769.35,Home,639.0,4,108,34.24,2018-04-20,0
546,44.0,Male,East,Primary,Self-Employed,247108.46,128649.05,Education,760.0,1,227,37.03,2017-05-06,0
547,32.0,Other,West,Graduate,Self-Employed,362466.06,270197.23,Education,694.0,1,278,82.42,2024-05-24,1
548,43.0,Female,South,Graduate,Self-Employed,282724.99,335923.42,Other,711.0,3,107,39.4,2025-07-22,0
549,27.0,Other,South,Post-Graduate,Self-Employed,965548.98,367295.36,Car,756.0,3,197,81.82,2019-01-19,1
550,,Female,East,Graduate,,,414554.66,Business,,1,217,50.3,2021-03-14,0
551,50.0,Other,South,Graduate,Self-Employed,678638.04,320796.88,Education,678.0,1,170,90.93,2022-08-07,1
552,53.0,Female,East,Primary,Unemployed,631500.13,238892.79,Car,797.0,1,109,79.42,2017-12-04,1
553,62.0,Other,South,Primary,Unemployed,619939.13,171115.03,Business,663.0,1,245,73.87,2018-12-09,0
554,61.0,Other,South,Post-Graduate,Self-Employed,790080.47,504970.93,Home,675.0,0,200,38.23,2018-11-09,0
555,36.0,Female,West,Secondary,Unemployed,748872.72,211515.79,Education,669.0,1,23,88.07,2019-10-06,1
556,54.0,Male,East,Secondary,Unemployed,618069.74,481823.8,Business,640.0,2,82,65.55,2025-05-25,0
557,21.0,Female,North,Post-Graduate,Unemployed,452961.41,512735.82,Business,593.0,2,88,34.59,2016-06-08,1
558,59.0,Other,West,Post-Graduate,Unemployed,1129186.71,231780.79,Home,596.0,1,193,85.17,2016-10-11,1
559,60.0,Female,North,Primary,Salaried,759038.87,56469.99,Education,689.0,0,258,41.3,2018-02-22,0
560,50.0,Male,North,Post-Graduate,Self-Employed,583260.02,322533.5,Business,523.0,3,46,48.84,2025-03-01,1
561,51.0,Male,North,Primary,Self-Employed,697093.93,285776.37,Car,638.0,2,215,84.61,2025-03-21,1
562,57.0,Other,South,Post-Graduate,Self-Employed,660882.55,217855.52,Business,644.0,0,170,92.61,2017-09-30,1
563,27.0,Female,South,Graduate,Salaried,617831.08,20000.0,Business,715.0,1,38,50.09,2017-04-09,0
564,59.0,Male,East,Post-Graduate,Salaried,849087.75,471244.33,Home,644.0,0,61,37.98,2023-05-16,0
565,51.0,Other,South,Graduate,Self-Employed,575277.14,446351.75,Education,602.0,1,284,14.0,2018-12-11,0
566,53.0,Female,South,Post-Graduate,Self-Employed,845579.87,401311.37,Business,669.0,1,180,19.51,2022-06-29,0
567,40.0,Male,West,Post-Graduate,Self-Employed,948041.0,348940.47,Home,751.0,3,257,53.26,2017-04-01,0
568,39.0,Female,North,Primary,Salaried,605292.04,445916.16,Education,689.0,1,217,90.93,2025-04-21,1
569,43.0,Other,North,Secondary,Unemployed,627633.83,206052.71,Car,719.0,1,128,83.92,2024-09-24,1
570,62.0,Other,South,Secondary,Self-Employed,80000.0,80856.11,Other,628.0,4,137,23.72,2021-02-11,0
571,24.0,Female,West,Secondary,Self-Employed,607731.35,235327.97,Car,767.0,3,58,44.48,2019-09-25,0
572,62.0,Male,West,Post-Graduate,Salaried,807320.98,676730.94,Other,676.0,1,33,35.11,2020-04-22,0
573,42.0,Male,West,Post-Graduate,Self-Employed,921656.45,208502.31,Home,648.0,2,207,77.49,2021-10-30,1
574,52.0,Other,South,Secondary,Self-Employed,317274.93,210018.87,Home,767.0,1,128,52.88,2026-04-03,0
575,51.0,Other,North,Secondary,Self-Employed,641073.69,629433.47,Education,719.0,2,101,83.78,2017-05-13,1
576,29.0,Male,West,Primary,Self-Employed,585620.56,174590.68,Business,793.0,0,57,32.31,2017-05-04,0
577,51.0,Other,East,Post-Graduate,Unemployed,504750.9,381941.04,Business,619.0,3,254,24.71,2017-12-01,0
578,45.0,Other,North,Graduate,Self-Employed,288434.0,440936.91,Business,607.0,0,87,79.85,2019-12-29,1
579,35.0,Other,South,Graduate,Unemployed,260356.5,138039.55,Other,518.0,1,165,76.25,2023-11-02,1
580,59.0,Male,South,Graduate,Salaried,574679.82,343448.05,Car,683.0,2,271,42.38,2019-11-09,0
581,52.0,Female,North,Secondary,Self-Employed,485591.69,327853.29,Car,800.0,2,197,45.48,2021-12-25,0
582,27.0,Other,West,Post-Graduate,Unemployed,751401.56,233636.55,Car,652.0,1,112,39.56,2023-08-10,0
583,44.0,Other,West,Post-Graduate,Salaried,734913.65,247273.23,Business,700.0,3,224,41.17,2024-09-20,0
584,60.0,Other,South,Secondary,Self-Employed,478112.03,84971.1,Education,511.0,2,75,53.0,2024-07-04,1
585,,Male,South,Graduate,,,244482.87,Other,,3,190,83.63,2025-03-15,1
586,59.0,Male,East,Primary,Self-Employed,434992.01,440560.03,Car,632.0,1,235,87.33,2020-10-04,1
587,27.0,Male,West,Post-Graduate,Self-Employed,870980.24,540613.69,Business,713.0,1,24,54.05,2021-01-26,0
588,22.0,Female,West,Post-Graduate,Salaried,989220.46,327619.92,Home,577.0,2,256,51.82,2023-12-24,1
589,58.0,Other,North,Secondary,Self-Employed,487554.6,322999.3,Home,835.0,2,110,62.79,2026-04-08,0
590,28.0,Female,South,Graduate,Salaried,115801.18,388716.32,Business,734.0,0,271,13.29,2018-02-18,0
591,57.0,Other,West,Primary,Unemployed,1064744.42,447326.85,Home,817.0,0,185,17.25,2021-08-29,0
592,43.0,Female,East,Primary,Unemployed,80000.0,38666.75,Business,636.0,1,195,94.92,2022-09-15,1
593,58.0,Other,South,Post-Graduate,Salaried,80000.0,606310.45,Car,703.0,3,147,47.81,2017-09-04,0
594,59.0,Female,North,Post-Graduate,Self-Employed,405875.21,475326.53,Education,647.0,3,83,33.38,2017-06-10,0
595,21.0,Male,West,Primary,Salaried,680219.13,275315.85,Car,741.0,2,130,64.94,2024-02-22,0
596,38.0,Other,East,Post-Graduate,Salaried,727831.66,744466.27,Other,766.0,3,210,40.79,2024-10-20,0
597,26.0,Male,South,Secondary,Salaried,635338.38,200325.2,Other,701.0,3,183,54.65,2019-05-27,0
598,36.0,Female,East,Secondary,Self-Employed,660993.03,455840.51,Education,722.0,3,280,20.65,2017-02-09,0
599,58.0,Female,East,Primary,Salaried,625621.16,227575.86,Business,537.0,0,174,79.81,2019-02-05,1
600,51.0,Male,East,Secondary,Unemployed,80000.0,346628.73,Car,553.0,1,267,14.15,2019-07-27,1
601,43.0,Male,South,Graduate,Salaried,715079.18,636633.78,Business,819.0,3,56,14.85,2019-04-28,0
602,,Female,South,Graduate,,,155187.07,Business,,1,178,79.66,2022-02-08,1
603,45.0,Female,West,Primary,Unemployed,154885.71,351155.78,Home,549.0,5,77,21.04,2018-01-01,1
604,23.0,Female,East,Graduate,Self-Employed,499131.74,394155.71,Business,788.0,0,172,18.98,2023-12-09,0
605,50.0,Female,North,Primary,Unemployed,190806.31,441300.44,Business,765.0,3,228,46.72,2019-11-22,0
606,55.0,Other,East,Primary,Unemployed,738424.98,394646.17,Business,629.0,2,43,22.26,2016-11-01,0
607,55.0,Male,West,Secondary,Self-Employed,766232.25,185254.24,Education,716.0,3,87,48.08,2021-04-12,0
608,56.0,Female,East,Graduate,Unemployed,529453.06,50203.64,Other,656.0,3,151,56.38,2017-05-18,0
609,42.0,Male,West,Graduate,Unemployed,623218.1,93381.39,Home,618.0,3,102,77.62,2021-11-10,1
610,36.0,Male,North,Post-Graduate,Salaried,586038.77,552945.54,Home,652.0,2,199,79.83,2024-01-16,1
611,51.0,Male,West,Post-Graduate,Salaried,724100.03,611259.76,Business,774.0,2,104,46.63,2025-02-22,0
612,53.0,Male,South,Graduate,Salaried,886073.27,265855.61,Education,592.0,1,195,67.31,2024-12-11,1
613,25.0,Male,East,Graduate,Salaried,785614.73,204361.87,Education,697.0,3,266,16.66,2021-01-28,0
614,49.0,Other,South,Primary,Self-Employed,524162.48,355531.78,Education,726.0,1,28,33.07,2017-10-20,0
615,64.0,Other,South,Post-Graduate,Unemployed,948295.31,425902.37,Home,749.0,0,279,63.27,2022-08-24,0
616,53.0,Other,North,Primary,Salaried,358460.82,422820.57,Business,692.0,1,215,45.17,2023-02-16,0
617,24.0,Male,South,Secondary,Unemployed,963029.42,302122.39,Business,632.0,2,81,45.61,2018-09-05,0
618,64.0,Male,North,Graduate,Salaried,525204.56,121967.82,Business,656.0,3,191,20.23,2017-11-10,0
619,45.0,Other,South,Post-Graduate,Salaried,429075.55,414644.71,Car,666.0,0,275,93.62,2020-01-04,1
620,23.0,Female,North,Primary,Salaried,116423.31,300033.23,Education,812.0,0,74,35.49,2026-05-05,0
621,60.0,Female,East,Secondary,Self-Employed,936345.31,283739.28,Car,789.0,3,165,22.27,2021-03-24,0
622,,Other,South,Primary,,,310665.84,Other,,1,274,24.68,2021-09-28,0
623,52.0,Male,South,Post-Graduate,Self-Employed,286635.6,303367.56,Car,658.0,1,234,90.37,2024-06-26,1
624,53.0,Other,South,Post-Graduate,Unemployed,859128.9,124317.57,Business,850.0,1,186,73.45,2024-08-02,0
625,25.0,Male,North,Primary,Salaried,1016845.59,238279.32,Home,733.0,1,152,47.42,2026-03-22,0
626,63.0,Other,West,Graduate,Self-Employed,456829.59,575585.76,Education,797.0,1,126,48.09,2017-03-31,0
627,,Male,South,Graduate,,,319539.99,Home,,2,153,78.07,2022-11-27,1
628,42.0,Male,East,Primary,Unemployed,731878.75,419138.5,Education,797.0,0,205,87.76,2023-07-26,1
629,61.0,Male,South,Post-Graduate,Self-Employed,330998.59,20000.0,Home,694.0,2,108,62.95,2017-10-23,0
630,33.0,Male,West,Post-Graduate,Salaried,744754.03,215029.42,Car,606.0,0,71,44.54,2017-04-22,0
631,50.0,Female,North,Primary,Self-Employed,526301.89,159495.98,Education,786.0,2,152,91.98,2024-06-30,1
632,33.0,Male,West,Post-Graduate,Self-Employed,242200.94,370236.49,Other,678.0,0,48,85.86,2021-02-08,1
633,36.0,Other,South,Post-Graduate,Salaried,487756.48,301297.53,Home,569.0,5,61,88.63,2020-05-02,1
634,60.0,Other,North,Primary,Self-Employed,484929.41,109288.32,Car,580.0,0,185,82.94,2022-12-15,1
635,21.0,Male,North,Post-Graduate,Unemployed,552281.95,270270.65,Education,720.0,0,106,21.39,2020-05-10,0
636,23.0,Other,West,Post-Graduate,Unemployed,918142.54,386604.53,Business,669.0,4,187,39.02,2022-03-23,0
637,,Male,South,Graduate,,,382148.37,Education,,3,235,92.02,2016-10-03,1
638,58.0,Male,South,Secondary,Unemployed,461221.57,408424.03,Education,688.0,2,39,52.41,2024-09-17,0
639,55.0,Female,North,Graduate,Unemployed,396780.24,354492.81,Business,622.0,3,67,23.36,2018-02-12,0
640,53.0,Other,South,Primary,Salaried,765695.47,181367.73,Home,682.0,2,88,48.67,2017-07-10,0
641,64.0,Female,North,Post-Graduate,Unemployed,634661.3,137081.06,Other,610.0,3,273,32.33,2025-10-25,0
642,52.0,Male,East,Secondary,Salaried,624453.32,358766.48,Home,627.0,0,96,91.67,2022-07-18,1
643,25.0,Other,South,Primary,Salaried,433644.43,408285.52,Business,578.0,2,282,45.52,2017-06-14,1
644,35.0,Female,East,Secondary,Self-Employed,767210.03,270002.57,Car,597.0,1,170,82.52,2017-09-05,1
645,53.0,Other,East,Primary,Salaried,940169.01,303983.0,Education,681.0,4,96,78.46,2020-09-17,1
646,57.0,Female,East,Primary,Self-Employed,784378.22,249130.46,Other,773.0,2,238,87.21,2024-01-20,1
647,55.0,Other,North,Post-Graduate,Self-Employed,1245951.71,487318.79,Other,697.0,1,99,68.61,2020-06-18,0
648,26.0,Female,North,Post-Graduate,Unemployed,522348.27,622432.99,Car,826.0,3,292,25.68,2022-05-12,0
649,59.0,Female,South,Graduate,Salaried,995638.74,261367.26,Other,732.0,0,278,51.59,2021-09-10,0
650,27.0,Other,North,Secondary,Unemployed,367423.58,413473.25,Other,526.0,2,45,79.56,2020-05-29,1
651,56.0,Male,North,Primary,Salaried,930103.5,168834.65,Home,730.0,0,292,54.13,2020-11-13,0
652,40.0,Female,East,Post-Graduate,Salaried,530123.13,402032.32,Car,664.0,2,246,94.08,2019-12-30,1
653,57.0,Male,West,Secondary,Self-Employed,653633.61,562133.24,Car,662.0,4,34,34.2,2019-01-24,0
654,24.0,Female,East,Graduate,Salaried,558432.78,342739.96,Other,662.0,1,103,18.7,2018-05-18,0
655,34.0,Female,North,Primary,Salaried,435721.38,350653.05,Car,688.0,3,293,24.29,2024-03-29,0
656,31.0,Other,North,Post-Graduate,Salaried,896103.87,650701.71,Business,661.0,3,97,52.96,2022-10-01,0
657,48.0,Female,East,Graduate,Salaried,430702.44,362332.61,Other,657.0,1,160,85.54,2019-11-24,1
658,37.0,Female,North,Graduate,Salaried,667179.63,20000.0,Education,655.0,1,165,14.49,2023-12-28,0
659,49.0,Other,East,Secondary,Self-Employed,611151.93,488561.97,Education,850.0,1,277,71.46,2025-12-13,0
660,44.0,Other,West,Secondary,Unemployed,884384.75,252719.56,Other,660.0,1,281,31.83,2023-11-23,0
661,,Male,South,Primary,,,506087.16,Home,,2,175,61.93,2022-06-26,0
662,38.0,Male,East,Primary,Self-Employed,718841.4,412437.26,Home,666.0,1,112,88.77,2024-04-01,1
663,46.0,Other,West,Graduate,Salaried,858934.13,200826.5,Car,736.0,3,122,58.09,2016-07-28,0
664,34.0,Other,South,Post-Graduate,Self-Employed,682786.63,357142.93,Home,644.0,1,209,42.24,2018-06-03,0
665,40.0,Male,East,Primary,Salaried,549979.86,211124.72,Car,383.0,0,242,42.62,2018-07-19,1
666,38.0,Other,West,Graduate,Self-Employed,1038702.97,235452.62,Home,599.0,2,77,52.52,2023-06-26,1
667,39.0,Other,North,Secondary,Unemployed,494614.45,233060.63,Business,756.0,1,93,44.03,2023-07-23,0
668,61.0,Male,North,Post-Graduate,Unemployed,634663.16,530172.32,Car,769.0,2,41,23.31,2021-09-14,0
669,26.0,Male,East,Graduate,Self-Employed,828762.5,287071.9,Business,737.0,6,265,40.99,2022-04-02,1
670,37.0,Other,East,Graduate,Self-Employed,528181.88,373339.09,Education,643.0,3,59,22.04,2018-08-30,0
671,23.0,Male,North,Secondary,Salaried,719860.42,289536.99,Other,589.0,2,103,69.36,2020-11-08,1
672,58.0,Male,South,Primary,Salaried,562066.56,201646.84,Business,661.0,3,254,63.65,2021-11-09,0
673,41.0,Female,East,Post-Graduate,Salaried,642407.93,726592.11,Other,766.0,3,132,71.5,2021-01-10,0
674,30.0,Female,South,Post-Graduate,Self-Employed,678811.23,215981.47,Business,660.0,3,258,16.93,2018-05-31,0
675,46.0,Female,North,Primary,Salaried,292736.89,468464.6,Education,742.0,2,183,53.24,2024-01-09,0
676,63.0,Other,North,Secondary,Self-Employed,695859.07,519836.46,Car,641.0,2,199,65.33,2017-08-08,0
677,59.0,Male,South,Graduate,Self-Employed,722665.54,369190.19,Other,660.0,3,26,13.19,2024-07-14,0
678,22.0,Male,East,Graduate,Salaried,857428.22,20000.0,Home,843.0,2,171,87.01,2024-12-13,1
679,,Female,West,Secondary,,,48631.23,Business,,1,295,87.85,2020-02-16,1
680,57.0,Male,South,Primary,Salaried,861837.94,376272.83,Home,664.0,2,104,59.42,2022-07-02,0
681,37.0,Male,South,Secondary,Self-Employed,778933.56,659154.29,Education,850.0,2,105,17.49,2017-10-10,0
682,28.0,Other,North,Graduate,Salaried,428321.16,421708.22,Home,790.0,1,257,52.35,2026-03-10,0
683,28.0,Male,South,Post-Graduate,Salaried,880465.38,271998.16,Home,738.0,2,38,54.43,2022-07-29,0
684,62.0,Female,North,Primary,Self-Employed,687791.37,319419.29,Home,521.0,1,98,26.93,2024-04-03,1
685,25.0,Male,West,Post-Graduate,Self-Employed,667255.57,356644.72,Home,746.0,2,245,32.29,2025-02-21,0
686,49.0,Female,West,Secondary,Self-Employed,763187.52,391428.91,Car,555.0,5,152,42.19,2021-05-04,1
687,27.0,Male,East,Graduate,Self-Employed,166632.63,333224.0,Car,686.0,3,73,61.33,2025-11-17,0
688,,Male,South,Graduate,,,679858.14,Business,,0,208,44.49,2023-06-04,0
689,43.0,Other,West,Primary,Salaried,776163.52,352713.72,Education,678.0,3,196,75.14,2017-08-11,1
690,39.0,Female,South,Post-Graduate,Salaried,764954.57,259790.86,Other,561.0,4,223,20.78,2021-07-22,1
691,63.0,Male,North,Post-Graduate,Unemployed,240271.33,499922.82,Education,711.0,0,259,90.79,2022-08-03,1
692,41.0,Female,West,Graduate,Unemployed,580053.91,551004.59,Other,632.0,2,148,43.04,2025-10-25,0
693,32.0,Female,West,Graduate,Salaried,518709.32,159432.44,Home,627.0,0,299,10.85,2019-08-21,0
694,36.0,Female,South,Primary,Self-Employed,752593.42,108471.63,Home,755.0,2,248,14.45,2020-01-26,0
695,58.0,Female,East,Secondary,Salaried,937096.59,406804.76,Home,694.0,5,143,81.0,2022-01-13,1
696,59.0,Male,South,Graduate,Unemployed,237344.59,442827.56,Home,650.0,1,80,28.74,2019-09-05,0
697,21.0,Male,West,Graduate,Salaried,599761.66,466118.54,Car,690.0,3,172,69.19,2018-01-08,0
698,61.0,Male,East,Graduate,Unemployed,530945.5,124852.23,Home,680.0,2,71,31.99,2025-03-29,0
699,41.0,Other,East,Secondary,Unemployed,379643.77,510624.89,Car,600.0,1,183,79.59,2020-01-24,1
700,37.0,Female,East,Secondary,Self-Employed,461576.21,20000.0,Home,767.0,2,289,24.4,2025-11-14,0
701,42.0,Male,North,Secondary,Unemployed,654664.83,233051.92,Car,663.0,4,143,52.65,2025-09-30,0
702,34.0,Male,West,Primary,Self-Employed,691877.6,179713.62,Other,483.0,0,237,31.24,2022-12-12,1
703,63.0,Male,South,Graduate,Unemployed,377436.39,71637.8,Car,714.0,1,175,75.37,2026-02-10,1
704,26.0,Female,North,Primary,Salaried,755020.0,450019.4,Other,850.0,3,221,31.96,2021-05-18,0
705,58.0,Other,South,Primary,Unemployed,642899.69,336482.64,Education,632.0,4,70,35.98,2026-01-06,0
706,32.0,Male,East,Post-Graduate,Unemployed,635444.59,239099.9,Home,476.0,2,223,16.04,2025-03-10,1
707,61.0,Female,East,Graduate,Salaried,1051902.13,375923.65,Car,595.0,3,147,61.82,2025-09-21,1
708,35.0,Other,West,Post-Graduate,Unemployed,535763.72,554114.71,Education,609.0,2,75,32.75,2018-10-06,0
709,46.0,Male,East,Secondary,Unemployed,824604.67,157709.71,Other,572.0,2,103,45.53,2020-03-08,1
710,44.0,Male,West,Graduate,Unemployed,522882.67,365285.72,Education,813.0,2,80,85.95,2017-06-01,1
711,44.0,Male,South,Primary,Unemployed,924020.86,229958.66,Other,750.0,1,227,63.87,2021-02-13,0
712,59.0,Female,North,Secondary,Unemployed,267863.83,386153.7,Education,650.0,1,48,69.0,2022-02-09,0
713,62.0,Other,South,Primary,Self-Employed,860361.8,125832.17,Car,728.0,2,45,66.26,2024-10-26,0
714,29.0,Female,North,Secondary,Self-Employed,452118.33,389749.53,Education,542.0,2,129,79.53,2022-08-09,1
715,39.0,Male,North,Graduate,Self-Employed,375464.28,177210.2,Home,625.0,2,186,45.28,2025-08-28,0
716,28.0,Female,South,Secondary,Unemployed,308778.55,148229.47,Home,744.0,5,211,17.62,2020-01-14,1
717,39.0,Female,East,Primary,Unemployed,554954.79,505721.22,Home,601.0,2,213,22.14,2020-02-15,0
718,43.0,Male,West,Post-Graduate,Unemployed,487182.37,386264.45,Business,775.0,6,60,59.92,2023-07-07,1
719,34.0,Male,West,Post-Graduate,Self-Employed,418953.43,291347.16,Education,809.0,0,188,56.24,2023-03-16,0
720,36.0,Other,West,Primary,Self-Employed,989984.43,660452.73,Other,714.0,1,104,83.95,2025-04-13,1
721,21.0,Other,South,Secondary,Self-Employed,537006.7,119409.28,Home,759.0,2,276,50.96,2020-03-16,0
722,21.0,Male,East,Primary,Self-Employed,375457.65,68803.22,Education,734.0,5,285,35.8,2025-05-21,1
723,52.0,Male,North,Graduate,Salaried,679761.22,200034.99,Business,609.0,2,158,63.37,2024-12-16,0
724,51.0,Male,North,Primary,Self-Employed,385549.95,20000.0,Other,576.0,3,216,18.48,2026-03-06,1
725,52.0,Other,West,Primary,Self-Employed,325944.92,289819.29,Car,714.0,4,149,15.09,2019-12-12,0
726,30.0,Other,West,Secondary,Salaried,784918.87,398954.97,Home,594.0,2,72,37.47,2019-07-05,1
727,59.0,Female,South,Secondary,Self-Employed,937753.94,73120.66,Other,573.0,1,109,46.71,2023-02-10,1
728,27.0,Other,East,Graduate,Self-Employed,80000.0,315428.79,Car,691.0,0,172,87.31,2021-04-16,1
729,54.0,Male,North,Post-Graduate,Unemployed,126809.46,346723.63,Other,584.0,3,104,38.59,2023-08-03,1
730,57.0,Female,South,Primary,Self-Employed,500669.19,269207.4,Home,769.0,1,187,69.85,2017-07-28,0
731,61.0,Female,North,Graduate,Unemployed,422642.21,396689.31,Other,649.0,3,182,53.35,2022-06-28,0
732,45.0,Female,South,Primary,Salaried,106009.18,274388.0,Car,487.0,2,147,55.0,2021-10-09,1
733,29.0,Male,East,Primary,Self-Employed,428487.56,207418.16,Home,688.0,1,247,78.16,2024-05-31,1
734,28.0,Female,West,Post-Graduate,Self-Employed,513713.28,20000.0,Education,637.0,2,194,42.27,2023-12-17,0
735,46.0,Male,West,Secondary,Self-Employed,691240.55,602358.93,Business,665.0,4,96,71.37,2018-07-24,0
736,33.0,Female,South,Post-Graduate,Salaried,649139.19,205701.85,Education,657.0,1,230,47.88,2018-08-18,0
737,50.0,Female,West,Graduate,Salaried,872545.87,187785.59,Education,522.0,3,52,74.88,2021-03-22,1
738,,Other,North,Secondary,,,368043.44,Home,,4,144,79.65,2020-01-07,1
739,34.0,Male,East,Post-Graduate,Unemployed,325840.62,569092.4,Car,609.0,4,111,20.75,2022-02-11,0
740,64.0,Other,North,Post-Graduate,Unemployed,235144.44,159286.87,Business,663.0,0,83,15.16,2025-01-07,0
741,,Other,West,Secondary,,,238999.73,Education,,0,85,53.24,2021-07-05,0
742,35.0,Male,West,Primary,Unemployed,754681.46,227457.43,Other,747.0,2,195,82.64,2022-07-20,1
743,39.0,Other,South,Primary,Self-Employed,932126.0,144549.56,Car,595.0,3,132,41.34,2025-02-07,1
744,57.0,Male,South,Secondary,Salaried,80000.0,114065.66,Home,559.0,1,95,67.45,2024-06-16,1
745,56.0,Female,North,Post-Graduate,Salaried,788354.87,207819.18,Car,611.0,2,71,29.39,2016-12-14,0
746,44.0,Other,East,Graduate,Unemployed,447091.57,369213.72,Home,784.0,1,129,62.44,2022-01-09,0
747,45.0,Male,West,Post-Graduate,Unemployed,710129.9,162154.63,Education,731.0,3,248,83.35,2021-07-13,1
748,55.0,Female,West,Primary,Unemployed,193028.52,226206.46,Other,786.0,1,209,16.66,2017-08-24,0
749,46.0,Other,West,Primary,Self-Employed,584106.62,82360.82,Car,686.0,3,33,57.25,2023-09-02,0
750,28.0,Male,North,Primary,Unemployed,862216.04,602711.61,Home,698.0,1,202,38.71,2023-07-15,0
751,52.0,Female,East,Post-Graduate,Self-Employed,295629.95,298712.22,Business,641.0,2,112,25.52,2025-11-16,0
752,35.0,Other,West,Post-Graduate,Salaried,319315.84,329161.53,Car,761.0,0,211,75.03,2025-07-17,1
753,48.0,Female,West,Secondary,Unemployed,138364.94,245327.13,Other,686.0,2,92,88.47,2025-05-21,1
754,59.0,Other,West,Primary,Self-Employed,490346.37,213070.41,Education,675.0,1,229,65.61,2019-07-27,0
755,32.0,Other,South,Primary,Unemployed,239110.74,403031.28,Business,718.0,3,232,53.96,2023-08-03,0
756,36.0,Female,East,Primary,Self-Employed,518675.27,398929.72,Education,821.0,1,237,50.97,2023-01-25,0
757,29.0,Female,East,Post-Graduate,Unemployed,590452.31,184288.62,Home,722.0,4,254,83.68,2021-12-31,1
758,52.0,Male,South,Graduate,Unemployed,427410.41,400709.61,Business,774.0,2,182,63.22,2021-10-30,0
759,54.0,Female,East,Post-Graduate,Unemployed,525896.14,80700.93,Home,786.0,0,242,33.84,2024-03-29,0
760,29.0,Male,West,Secondary,Self-Employed,745468.49,417960.93,Business,635.0,2,45,83.49,2024-02-27,1
761,39.0,Other,East,Primary,Unemployed,990800.36,509617.19,Car,710.0,3,168,73.73,2025-10-22,0
762,,Male,East,Post-Graduate,,,211172.11,Other,,1,87,44.81,2020-01-03,0
763,45.0,Other,North,Secondary,Salaried,80000.0,20000.0,Car,575.0,1,219,57.59,2023-05-22,1
764,39.0,Male,South,Primary,Self-Employed,571178.95,419477.24,Home,743.0,3,290,89.26,2021-01-28,1
765,59.0,Female,South,Graduate,Self-Employed,362203.91,248726.73,Business,599.0,2,218,74.63,2016-12-04,1
766,37.0,Other,West,Primary,Unemployed,611956.33,109779.48,Home,666.0,2,222,19.13,2022-06-09,0
767,29.0,Male,East,Post-Graduate,Unemployed,500025.0,188224.83,Business,671.0,0,122,13.92,2023-04-06,0
768,35.0,Male,West,Graduate,Self-Employed,753197.69,256745.72,Car,747.0,1,289,66.26,2022-05-01,0
769,46.0,Female,North,Graduate,Salaried,616032.02,254010.85,Business,751.0,0,186,83.34,2023-11-23,1
770,46.0,Male,South,Secondary,Salaried,735080.57,224094.79,Car,604.0,4,183,93.48,2018-07-23,1
771,57.0,Other,South,Graduate,Unemployed,491531.63,558323.26,Business,618.0,1,75,73.31,2017-04-19,0
772,62.0,Other,North,Primary,Self-Employed,449040.43,232805.8,Car,582.0,2,245,22.53,2020-04-13,1
773,57.0,Other,South,Primary,Salaried,855710.37,271433.07,Education,634.0,3,78,84.89,2021-08-07,1
774,26.0,Other,East,Graduate,Self-Employed,529718.63,303062.58,Business,562.0,3,88,91.76,2018-09-15,1
775,32.0,Female,West,Graduate,Salaried,595526.26,153539.99,Business,676.0,2,80,85.46,2018-04-23,1
776,36.0,Female,West,Primary,Salaried,291724.67,281585.73,Other,662.0,3,189,54.76,2016-09-09,0
777,47.0,Other,East,Graduate,Self-Employed,366055.07,339452.2,Home,744.0,2,290,15.78,2023-08-31,0
778,55.0,Female,North,Graduate,Self-Employed,501789.76,422011.07,Education,777.0,1,51,57.06,2019-01-25,0
779,42.0,Female,East,Graduate,Salaried,80000.0,341029.32,Car,747.0,4,246,48.67,2023-09-26,0
780,37.0,Other,South,Primary,Unemployed,281370.22,464465.18,Business,735.0,2,247,67.7,2020-10-12,0
781,22.0,Other,East,Secondary,Unemployed,694708.41,404306.59,Home,833.0,3,208,18.98,2024-07-10,0
782,33.0,Other,West,Graduate,Self-Employed,80000.0,20000.0,Business,694.0,1,214,40.84,2025-10-04,0
783,27.0,Female,West,Primary,Unemployed,396311.0,326422.57,Other,580.0,3,99,12.06,2016-11-10,1
784,37.0,Male,East,Secondary,Unemployed,533690.61,283646.49,Other,682.0,2,126,79.07,2023-04-17,1
785,44.0,Other,West,Graduate,Unemployed,678410.09,399905.19,Education,733.0,2,183,52.13,2018-07-07,0
786,38.0,Male,South,Graduate,Salaried,1042676.41,353751.68,Business,584.0,2,40,35.91,2017-09-15,1
787,24.0,Male,East,Secondary,Unemployed,496169.62,412727.95,Education,663.0,2,47,45.34,2017-09-26,0
788,21.0,Other,North,Secondary,Self-Employed,559113.06,558362.14,Car,695.0,0,203,69.75,2021-01-18,0
789,46.0,Other,East,Post-Graduate,Self-Employed,256193.72,273152.48,Education,667.0,1,208,87.5,2017-01-15,1
790,51.0,Female,East,Post-Graduate,Salaried,654394.88,96004.62,Business,778.0,2,296,80.85,2019-06-07,1
791,42.0,Male,North,Post-Graduate,Salaried,80000.0,508868.39,Other,733.0,4,166,94.69,2023-07-04,1
792,59.0,Male,West,Graduate,Self-Employed,224880.86,406975.85,Home,661.0,2,74,80.81,2017-12-18,1
793,54.0,Male,South,Secondary,Self-Employed,855612.07,219985.24,Business,480.0,2,96,47.97,2018-01-19,1
794,27.0,Other,West,Secondary,Self-Employed,678249.08,241115.75,Car,696.0,3,139,60.94,2021-07-02,0
795,48.0,Male,West,Graduate,Unemployed,541268.93,165972.74,Car,743.0,1,282,52.81,2021-09-29,0
796,24.0,Female,North,Primary,Self-Employed,131639.67,282786.24,Education,723.0,3,141,90.44,2025-12-03,1
797,43.0,Male,South,Secondary,Self-Employed,727662.25,250819.01,Home,575.0,1,267,19.59,2018-07-30,1
798,36.0,Male,West,Post-Graduate,Self-Employed,664160.7,20000.0,Business,667.0,3,237,52.99,2025-04-01,0
799,45.0,Female,West,Primary,Salaried,390129.6,498325.07,Other,788.0,2,146,42.65,2021-10-13,0
800,53.0,Male,East,Primary,Self-Employed,1047917.68,300166.49,Other,556.0,4,28,34.86,2023-12-07,1
801,53.0,Male,North,Primary,Unemployed,633582.03,202754.95,Car,736.0,4,242,31.69,2018-07-30,0
802,53.0,Male,East,Graduate,Salaried,468078.7,67676.42,Home,699.0,2,56,19.64,2023-05-28,0
803,34.0,Female,East,Secondary,Salaried,399299.25,67562.84,Home,760.0,2,135,56.1,2021-01-11,0
804,53.0,Female,East,Post-Graduate,Unemployed,481066.05,144777.76,Other,764.0,1,144,51.49,2018-11-02,0
805,25.0,Other,East,Post-Graduate,Unemployed,350389.79,543488.5,Car,839.0,3,25,90.24,2022-03-11,1
806,45.0,Female,West,Graduate,Salaried,698228.38,380665.23,Car,704.0,0,155,11.0,2020-11-16,0
807,45.0,Female,North,Secondary,Salaried,375539.84,461846.28,Car,720.0,6,254,35.14,2020-12-15,1
808,37.0,Male,North,Secondary,Salaried,457359.08,285307.09,Education,778.0,0,48,37.25,2019-07-20,0
809,59.0,Other,North,Post-Graduate,Unemployed,743273.48,148671.75,Education,700.0,2,229,86.6,2023-02-23,1
810,33.0,Other,North,Primary,Unemployed,487749.36,220817.17,Home,687.0,5,73,85.99,2026-03-28,1
811,52.0,Other,North,Primary,Unemployed,2121677.8,80000.0,Home,622.0,2,220,68.26,2026-03-25,0
812,,Female,West,Post-Graduate,,,423034.86,Other,,4,235,81.56,2019-05-29,1
813,38.0,Female,West,Secondary,Salaried,80000.0,300845.37,Home,748.0,4,129,92.82,2018-03-30,1
814,56.0,Female,West,Primary,Unemployed,264132.43,696301.79,Other,727.0,2,150,24.66,2024-01-23,0
815,39.0,Female,South,Post-Graduate,Salaried,508679.79,658195.16,Other,694.0,2,239,84.89,2024-09-07,1
816,46.0,Other,North,Graduate,Salaried,531766.67,331289.79,Home,757.0,0,254,45.23,2020-12-09,0
817,24.0,Female,South,Secondary,Self-Employed,528391.62,372578.01,Other,635.0,0,106,40.2,2017-04-06,0
818,29.0,Male,East,Post-Graduate,Self-Employed,673875.12,210166.09,Car,768.0,0,230,11.35,2026-02-19,0
819,26.0,Male,West,Secondary,Unemployed,2881110.4499999997,1000177.44,Business,655.0,0,184,22.29,2022-12-21,0
820,22.0,Female,South,Primary,Salaried,213049.61,279671.06,Home,741.0,3,41,58.2,2025-06-04,0
821,41.0,Male,West,Secondary,Salaried,775828.27,281651.49,Other,811.0,1,114,63.88,2023-11-07,0
822,52.0,Male,North,Graduate,Unemployed,1235404.96,565466.57,Car,690.0,1,75,72.56,2018-10-19,0
823,28.0,Female,East,Graduate,Self-Employed,364631.36,20000.0,Home,785.0,5,135,11.24,2020-10-08,1
824,49.0,Male,South,Primary,Self-Employed,543395.82,402762.81,Education,689.0,6,48,82.92,2017-07-14,1
825,60.0,Other,East,Post-Graduate,Unemployed,307123.9,113910.96,Home,682.0,2,191,11.11,2016-10-16,0
826,23.0,Male,North,Primary,Salaried,605432.37,184180.92,Car,553.0,3,52,46.46,2018-09-24,1
827,50.0,Female,East,Post-Graduate,Unemployed,353790.57,385272.12,Education,746.0,2,178,71.15,2022-05-20,0
828,51.0,Other,North,Graduate,Self-Employed,439763.1,483096.1,Car,681.0,1,244,49.06,2019-08-02,0
829,32.0,Male,West,Post-Graduate,Self-Employed,181014.75,316261.87,Education,524.0,2,264,82.65,2019-06-22,1
830,51.0,Female,West,Post-Graduate,Unemployed,822502.53,275706.78,Car,715.0,1,179,20.67,2021-01-25,0
831,63.0,Male,South,Primary,Salaried,684370.52,260503.83,Home,667.0,4,269,72.05,2019-01-10,0
832,62.0,Female,West,Post-Graduate,Salaried,297459.76,497344.78,Other,668.0,3,183,20.06,2023-03-05,0
833,51.0,Female,East,Primary,Unemployed,845346.0,400412.43,Car,676.0,2,126,44.8,2022-08-20,0
834,28.0,Female,West,Primary,Self-Employed,127071.4,78688.29,Business,761.0,2,146,35.31,2016-07-16,0
835,26.0,Male,North,Graduate,Unemployed,781862.84,421086.36,Education,762.0,1,23,43.03,2023-05-31,0
836,57.0,Male,South,Graduate,Unemployed,202584.81,290508.91,Other,627.0,2,226,43.5,2026-01-19,0
837,62.0,Other,North,Post-Graduate,Unemployed,328519.37,253466.85,Car,793.0,3,40,85.22,2020-05-28,1
838,,Female,East,Post-Graduate,,,463034.34,Other,,2,107,34.85,2025-04-09,0
839,27.0,Other,North,Primary,Unemployed,900732.31,431333.69,Car,826.0,3,263,19.19,2018-04-10,0
840,23.0,Other,West,Post-Graduate,Salaried,427414.24,172085.68,Home,724.0,0,70,36.7,2021-06-19,0
841,49.0,Female,East,Secondary,Self-Employed,448773.31,374668.25,Education,722.0,2,38,53.33,2017-11-11,0
842,64.0,Male,South,Post-Graduate,Self-Employed,760575.31,312615.7,Car,631.0,2,255,92.35,2019-07-02,1
843,36.0,Male,West,Post-Graduate,Unemployed,666483.15,321137.65,Business,692.0,0,150,80.25,2022-01-11,1
844,44.0,Male,West,Post-Graduate,Self-Employed,439920.31,445076.72,Home,719.0,1,218,59.85,2018-07-10,0
845,47.0,Female,North,Primary,Self-Employed,577007.88,137712.84,Business,647.0,1,230,86.08,2018-09-06,1
846,29.0,Male,North,Primary,Unemployed,621131.75,269866.47,Other,652.0,0,141,53.88,2025-08-27,0
847,55.0,Other,East,Secondary,Unemployed,802644.48,435106.16,Business,606.0,2,288,76.64,2022-03-09,1
848,22.0,Female,East,Primary,Salaried,760240.2,451316.8,Business,577.0,1,168,33.29,2022-12-07,1
849,46.0,Female,West,Graduate,Unemployed,733600.25,310405.17,Business,569.0,3,158,18.14,2023-01-17,1
850,44.0,Male,North,Secondary,Salaried,782586.05,268733.77,Education,610.0,0,295,31.88,2019-09-17,0
851,51.0,Female,East,Graduate,Unemployed,497718.4,324077.23,Home,753.0,2,219,50.22,2022-09-04,0
852,61.0,Male,South,Post-Graduate,Salaried,715526.09,440664.8,Business,603.0,1,167,60.08,2024-12-06,0
853,41.0,Male,East,Secondary,Salaried,477109.52,88091.14,Home,638.0,3,268,19.29,2025-10-05,0
854,53.0,Female,South,Post-Graduate,Salaried,754758.24,258011.32,Education,640.0,4,133,85.47,2016-10-16,1
855,42.0,Male,West,Primary,Unemployed,674883.13,213560.71,Other,757.0,1,215,64.64,2025-10-17,0
856,27.0,Male,West,Post-Graduate,Unemployed,755973.99,613579.49,Other,745.0,2,124,10.84,2022-10-25,0
857,49.0,Other,South,Post-Graduate,Salaried,450084.09,20000.0,Other,541.0,4,285,41.43,2024-08-20,1
858,36.0,Other,North,Post-Graduate,Unemployed,1075280.18,278957.96,Business,716.0,4,114,82.28,2016-06-29,1
859,21.0,Other,South,Secondary,Unemployed,1124683.09,92188.59,Car,682.0,1,144,73.6,2024-09-30,0
860,,Male,West,Graduate,,,410901.91,Business,,5,247,73.1,2024-08-24,1
861,41.0,Female,South,Graduate,Self-Employed,673512.6,242332.19,Education,678.0,2,131,34.65,2023-11-12,0
862,56.0,Female,West,Secondary,Salaried,504998.94,349517.07,Business,614.0,1,142,89.36,2023-02-13,1
863,42.0,Other,East,Graduate,Unemployed,784406.48,194118.15,Other,708.0,2,272,91.92,2023-11-03,1
864,26.0,Other,South,Secondary,Salaried,620730.14,446814.13,Other,660.0,2,132,70.24,2023-01-04,0
865,55.0,Other,East,Graduate,Unemployed,722861.38,265637.85,Car,589.0,2,67,18.98,2016-07-08,1
866,37.0,Other,South,Graduate,Unemployed,394546.29,177840.27,Home,800.0,3,114,71.37,2020-04-23,0
867,46.0,Female,West,Post-Graduate,Unemployed,229604.81,99079.53,Other,690.0,1,87,65.32,2023-10-09,0
868,44.0,Female,West,Primary,Unemployed,518441.57,20000.0,Home,669.0,2,70,21.4,2020-05-06,0
869,36.0,Male,West,Secondary,Salaried,490075.01,210686.52,Home,682.0,2,229,27.62,2017-04-25,0
870,30.0,Male,East,Secondary,Self-Employed,783930.33,371587.38,Education,799.0,3,37,19.43,2021-12-31,0
871,32.0,Male,North,Graduate,Salaried,298060.15,421366.92,Other,612.0,1,184,86.34,2017-04-13,1
872,54.0,Male,East,Post-Graduate,Salaried,479254.02,319405.2,Other,489.0,2,77,78.37,2021-03-25,1
873,49.0,Other,South,Post-Graduate,Salaried,773304.4,20000.0,Other,609.0,2,168,54.77,2017-03-23,0
874,37.0,Other,East,Primary,Self-Employed,516855.16,278586.11,Business,602.0,2,105,22.98,2021-07-08,0
875,48.0,Female,East,Primary,Salaried,896254.91,109453.69,Education,652.0,3,199,77.22,2021-04-29,1
876,51.0,Male,West,Secondary,Unemployed,1025661.17,109696.2,Education,822.0,3,147,27.86,2022-03-14,0
877,27.0,Other,South,Secondary,Self-Employed,832826.59,291656.88,Business,677.0,4,141,19.18,2024-01-08,0
878,53.0,Male,North,Secondary,Salaried,578208.34,148212.7,Other,715.0,0,292,43.84,2017-11-02,0
879,33.0,Male,West,Primary,Self-Employed,466146.13,206079.52,Education,723.0,0,80,11.53,2023-05-01,0
880,32.0,Other,East,Secondary,Salaried,740899.36,281434.96,Other,754.0,2,56,75.56,2017-10-30,1
881,64.0,Female,North,Graduate,Self-Employed,356012.67,399324.72,Car,678.0,1,24,13.43,2019-08-04,0
882,64.0,Male,South,Graduate,Unemployed,499486.3,411653.67,Home,732.0,6,108,73.47,2022-12-12,1
883,26.0,Other,East,Post-Graduate,Unemployed,467308.53,142004.05,Other,823.0,2,59,49.49,2026-03-17,0
884,,Female,North,Graduate,,,145664.49,Car,,2,36,49.32,2021-01-23,0
885,36.0,Male,North,Secondary,Self-Employed,654597.25,493329.51,Other,669.0,3,127,47.09,2022-09-06,0
886,45.0,Other,West,Primary,Self-Employed,269776.93,92785.1,Car,697.0,1,200,49.99,2019-04-06,0
887,50.0,Male,East,Graduate,Self-Employed,964480.26,435316.13,Education,699.0,2,240,47.15,2021-08-06,0
888,38.0,Male,West,Primary,Salaried,620007.24,421653.87,Education,850.0,2,246,23.65,2017-07-25,0
889,26.0,Female,South,Secondary,Salaried,814421.37,40102.9,Education,831.0,2,257,61.51,2024-10-14,0
890,46.0,Female,North,Post-Graduate,Self-Employed,772474.35,20502.84,Other,761.0,2,189,82.25,2022-12-07,1
891,24.0,Other,East,Primary,Unemployed,860632.82,232446.83,Education,660.0,0,57,54.48,2024-12-26,0
892,63.0,Other,West,Post-Graduate,Salaried,881330.33,136464.74,Education,668.0,0,271,37.05,2022-07-07,0
893,60.0,Other,South,Graduate,Unemployed,452245.39,366008.99,Home,554.0,1,142,76.58,2018-08-21,1
894,52.0,Male,South,Primary,Unemployed,714303.27,185945.45,Home,648.0,1,27,32.63,2024-01-23,0
895,62.0,Male,South,Post-Graduate,Salaried,500721.17,293779.23,Car,592.0,1,124,56.15,2022-01-30,1
896,35.0,Other,West,Primary,Unemployed,1049166.3,382935.78,Car,605.0,2,99,33.67,2026-02-16,0
897,28.0,Male,West,Graduate,Salaried,686674.41,197232.6,Home,732.0,1,107,91.33,2022-01-05,1
898,26.0,Male,North,Secondary,Self-Employed,578597.99,427765.82,Other,769.0,4,174,61.97,2022-01-10,0
899,33.0,Male,South,Graduate,Self-Employed,665206.4,372111.87,Business,700.0,1,48,10.26,2018-10-21,0
900,,Female,West,Post-Graduate,,,270979.08,Home,,1,219,53.68,2023-01-01,0
901,35.0,Female,North,Primary,Unemployed,622380.51,310080.52,Other,602.0,1,278,46.08,2020-07-17,0
902,,Male,North,Primary,,,403377.07,Other,,3,79,87.86,2022-08-02,1
903,,Male,East,Graduate,,,138070.07,Home,,1,76,51.09,2016-05-13,0
904,62.0,Female,West,Post-Graduate,Self-Employed,881837.52,478663.6,Home,668.0,2,153,19.16,2024-07-28,0
905,62.0,Female,South,Secondary,Salaried,588484.65,240968.05,Business,734.0,2,62,76.92,2022-01-28,1
906,56.0,Other,East,Secondary,Self-Employed,867478.36,175423.16,Education,647.0,5,254,60.56,2021-02-13,1
907,63.0,Male,South,Primary,Salaried,953095.17,309531.01,Home,569.0,0,162,91.57,2019-10-30,1
908,43.0,Other,West,Primary,Self-Employed,209875.46,143274.55,Car,822.0,2,82,34.5,2025-03-19,0
909,50.0,Other,East,Secondary,Self-Employed,504648.87,356992.43,Other,703.0,5,239,43.42,2017-02-24,1
910,25.0,Male,South,Secondary,Salaried,784886.3,149802.8,Other,606.0,1,264,24.69,2025-06-29,0
911,43.0,Female,South,Primary,Salaried,359233.72,195268.34,Other,641.0,0,68,78.39,2016-07-28,1
912,51.0,Male,West,Primary,Self-Employed,380805.37,400478.81,Home,729.0,2,121,44.25,2024-04-03,0
913,40.0,Female,North,Secondary,Unemployed,289422.43,44879.4,Other,679.0,5,203,64.42,2023-09-19,1
914,49.0,Female,East,Graduate,Salaried,574030.78,80830.25,Car,590.0,3,159,74.52,2018-08-03,1
915,62.0,Male,East,Primary,Salaried,900482.92,301318.27,Education,684.0,2,294,49.72,2026-03-19,0
916,52.0,Female,West,Graduate,Unemployed,533601.84,56848.76,Education,624.0,4,270,42.18,2017-08-06,0
917,41.0,Other,South,Graduate,Self-Employed,362761.79,163964.57,Business,491.0,1,79,44.66,2020-04-05,1
918,24.0,Male,North,Graduate,Salaried,1018217.05,243654.95,Car,575.0,1,181,47.47,2025-02-21,1
919,30.0,Other,West,Graduate,Self-Employed,244010.47,326779.38,Car,522.0,0,262,57.1,2019-07-07,1
920,24.0,Other,East,Post-Graduate,Self-Employed,229713.57,286117.52,Business,682.0,0,45,21.55,2019-04-23,0
921,40.0,Female,East,Post-Graduate,Unemployed,472022.33,307567.98,Home,679.0,1,166,22.23,2023-01-28,0
922,64.0,Male,North,Graduate,Salaried,277266.28,261446.0,Other,754.0,3,58,25.98,2020-01-13,0
923,54.0,Male,East,Primary,Unemployed,319707.67,20000.0,Home,779.0,6,120,78.51,2025-12-19,1
924,64.0,Male,North,Post-Graduate,Unemployed,232166.62,176125.08,Car,827.0,5,244,90.12,2022-10-13,1
925,,Male,East,Post-Graduate,,,533445.12,Car,,1,219,78.54,2017-09-07,1
926,48.0,Female,West,Secondary,Unemployed,301365.62,20000.0,Education,609.0,2,27,46.22,2020-01-22,0
927,39.0,Male,West,Primary,Self-Employed,475031.31,183083.61,Education,741.0,0,86,89.18,2020-02-13,1
928,56.0,Other,North,Secondary,Unemployed,379957.67,113327.03,Car,715.0,1,73,82.64,2017-11-03,1
929,46.0,Other,South,Post-Graduate,Salaried,958395.02,196838.33,Car,805.0,0,177,54.47,2020-04-19,0
930,37.0,Other,South,Post-Graduate,Self-Employed,2317004.3,777454.2,Home,691.0,0,104,43.88,2016-08-20,0
931,64.0,Male,West,Secondary,Salaried,461483.05,298284.91,Education,827.0,1,193,75.69,2023-11-11,1
932,28.0,Female,South,Primary,Unemployed,679478.12,464546.77,Car,638.0,1,48,58.15,2020-07-27,0
933,22.0,Other,East,Post-Graduate,Self-Employed,579366.15,289905.32,Business,700.0,2,39,44.3,2017-02-15,0
934,59.0,Male,North,Graduate,Salaried,578131.45,20000.0,Other,686.0,1,251,38.81,2021-04-28,0
935,56.0,Other,East,Graduate,Unemployed,528251.95,472573.06,Other,659.0,2,52,70.29,2024-10-21,0
936,58.0,Other,South,Post-Graduate,Unemployed,520552.45,237399.29,Business,526.0,2,235,16.15,2018-04-19,1
937,38.0,Female,North,Graduate,Self-Employed,852488.87,100257.28,Car,598.0,1,203,71.24,2019-07-08,1
938,56.0,Other,West,Graduate,Self-Employed,198712.14,700035.78,Business,687.0,1,135,35.41,2024-08-12,0
939,,Female,North,Secondary,,,248677.7,Car,,1,56,54.67,2021-07-07,0
940,50.0,Male,North,Graduate,Salaried,734369.68,140095.17,Car,675.0,1,239,18.9,2019-09-15,0
941,28.0,Male,South,Graduate,Unemployed,937294.76,303664.78,Home,705.0,0,33,80.78,2022-01-23,1
942,59.0,Other,South,Post-Graduate,Self-Employed,850559.04,590854.91,Home,748.0,2,194,18.37,2024-06-02,0
943,58.0,Female,West,Post-Graduate,Salaried,530777.66,199241.88,Other,579.0,2,35,40.28,2022-03-21,1
944,64.0,Male,West,Primary,Salaried,461245.82,283587.52,Home,625.0,1,114,82.15,2018-07-20,1
945,22.0,Male,South,Secondary,Unemployed,796296.27,33347.86,Other,737.0,5,60,22.56,2018-11-27,1
946,57.0,Male,South,Primary,Salaried,541568.99,262718.19,Education,698.0,3,108,13.25,2019-01-06,0
947,54.0,Male,West,Primary,Unemployed,608089.14,626413.98,Education,768.0,1,160,29.33,2022-10-31,0
948,,Male,South,Post-Graduate,,,275140.56,Business,,1,283,85.95,2026-04-05,1
949,48.0,Female,South,Secondary,Self-Employed,928627.67,197058.36,Other,758.0,1,152,89.12,2022-10-23,1
950,24.0,Male,South,Graduate,Salaried,453716.04,43284.64,Education,715.0,1,282,75.75,2019-04-04,1
951,45.0,Female,North,Secondary,Self-Employed,613948.08,236080.93,Business,629.0,2,126,10.99,2025-01-24,0
952,24.0,Male,North,Primary,Salaried,315395.65,399172.04,Other,727.0,1,169,15.67,2023-08-19,0
953,63.0,Other,West,Secondary,Unemployed,211679.19,399892.33,Home,669.0,2,154,41.66,2017-04-13,0
954,52.0,Male,West,Primary,Unemployed,402945.22,415475.52,Other,738.0,2,97,81.04,2024-10-18,1
955,33.0,Male,North,Post-Graduate,Unemployed,685731.59,486520.37,Car,617.0,2,128,93.11,2024-06-10,1
956,35.0,Other,North,Post-Graduate,Unemployed,437027.85,210905.06,Business,686.0,0,80,68.62,2017-11-26,0
957,39.0,Female,North,Post-Graduate,Salaried,234874.78,478689.1,Business,734.0,2,225,48.95,2026-01-25,0
958,54.0,Female,East,Primary,Self-Employed,170991.69,111297.01,Car,750.0,2,61,84.17,2026-02-08,1
959,33.0,Female,West,Secondary,Salaried,355174.94,324504.05,Education,785.0,3,265,81.92,2018-06-07,1
960,48.0,Other,West,Graduate,Salaried,362812.83,268399.51,Home,593.0,2,45,53.98,2018-05-05,1
961,37.0,Other,North,Primary,Unemployed,605770.16,393735.54,Home,695.0,0,187,58.92,2017-12-23,0
962,48.0,Female,South,Graduate,Self-Employed,927466.29,378096.96,Education,666.0,2,72,79.0,2024-08-17,1
963,44.0,Male,South,Post-Graduate,Unemployed,409566.99,384102.06,Other,635.0,3,184,19.09,2018-04-26,0
964,55.0,Female,East,Post-Graduate,Unemployed,800508.34,424201.56,Education,736.0,2,115,77.55,2020-05-31,1
965,30.0,Other,East,Post-Graduate,Salaried,405616.72,474241.32,Business,656.0,3,165,18.68,2025-09-05,0
966,26.0,Other,West,Secondary,Self-Employed,342398.57,318606.27,Other,831.0,2,169,42.15,2018-08-24,0
967,49.0,Other,West,Graduate,Self-Employed,440396.9,459162.99,Other,624.0,1,84,46.79,2025-01-12,0
968,28.0,Female,West,Secondary,Unemployed,703656.35,207345.69,Home,737.0,0,81,44.18,2022-06-06,0
969,43.0,Other,South,Post-Graduate,Unemployed,197324.15,349027.86,Car,571.0,7,87,73.42,2016-06-01,1
970,62.0,Male,South,Post-Graduate,Self-Employed,118382.67,129559.46,Other,745.0,4,79,55.38,2022-05-24,0
971,40.0,Other,North,Secondary,Self-Employed,603501.24,384568.18,Home,632.0,2,255,63.92,2025-07-05,0
972,45.0,Male,South,Post-Graduate,Unemployed,988799.63,107280.58,Business,678.0,0,189,27.89,2019-03-09,0
973,56.0,Male,North,Graduate,Salaried,340222.21,553132.21,Education,699.0,5,84,21.23,2024-09-05,1
974,,Male,North,Post-Graduate,,,403230.8,Other,,0,292,33.28,2020-01-30,0
975,,Other,East,Primary,,,472147.71,Business,,3,276,79.21,2025-01-20,1
976,23.0,Female,North,Secondary,Unemployed,496830.12,365509.88,Other,712.0,0,159,55.71,2021-10-22,0
977,39.0,Female,South,Primary,Unemployed,80000.0,325480.06,Other,682.0,1,86,68.39,2019-10-26,0
978,55.0,Other,South,Secondary,Unemployed,867530.48,98603.03,Home,628.0,2,131,37.04,2025-07-18,0
979,48.0,Female,South,Primary,Salaried,818233.22,663928.92,Home,718.0,3,278,20.42,2020-07-12,0
980,33.0,Female,West,Graduate,Unemployed,529768.34,231196.18,Business,711.0,2,255,38.45,2020-12-30,0
981,45.0,Female,South,Primary,Unemployed,612218.3,485227.58,Home,648.0,1,56,26.95,2020-09-03,0
982,39.0,Male,East,Graduate,Self-Employed,464108.29,248635.71,Education,772.0,3,109,30.59,2017-03-29,0
983,34.0,Male,South,Post-Graduate,Self-Employed,807159.84,188059.05,Other,529.0,2,195,33.81,2024-01-08,1
984,56.0,Male,East,Secondary,Self-Employed,418621.11,402735.58,Other,593.0,2,75,38.57,2017-10-09,1
985,33.0,Male,North,Graduate,Self-Employed,266253.77,430418.64,Home,784.0,5,274,28.83,2024-11-14,1
986,41.0,Other,East,Graduate,Unemployed,613457.7,567490.62,Business,850.0,6,55,77.25,2025-07-31,1
987,,Female,West,Secondary,,,481601.18,Business,,2,126,32.84,2023-05-07,0
988,47.0,Other,West,Primary,Self-Employed,702988.25,498672.39,Home,603.0,2,27,65.13,2017-11-13,0
989,34.0,Female,North,Post-Graduate,Unemployed,762504.78,90153.74,Car,703.0,1,89,81.7,2018-08-24,1
990,52.0,Other,South,Graduate,Self-Employed,599829.65,258927.39,Education,735.0,3,248,27.96,2018-03-24,0
991,56.0,Other,North,Graduate,Salaried,683479.22,119138.94,Education,596.0,3,195,94.87,2023-02-07,1
992,21.0,Male,West,Graduate,Salaried,925091.46,246917.19,Other,741.0,2,123,84.5,2022-11-10,1
993,41.0,Male,West,Graduate,Self-Employed,861767.08,143677.76,Car,850.0,1,230,56.47,2024-07-15,0
994,62.0,Other,East,Secondary,Unemployed,700574.71,207054.54,Car,609.0,4,195,63.78,2018-06-09,0
995,59.0,Female,South,Secondary,Unemployed,572533.97,272386.97,Car,618.0,2,174,93.85,2021-03-19,1
996,57.0,Female,South,Secondary,Salaried,1016400.8,394526.94,Car,500.0,3,232,90.67,2018-11-27,1
997,62.0,Other,East,Secondary,Salaried,475401.73,340477.51,Home,567.0,2,170,11.92,2022-07-25,1
998,50.0,Male,West,Primary,Unemployed,819608.77,356541.63,Home,651.0,0,157,11.07,2023-10-30,0
999,49.0,Female,East,Graduate,Self-Employed,650595.84,66457.34,Other,683.0,1,68,19.38,2021-01-15,0
1000,25.0,Female,West,Secondary,Unemployed,244280.77,341773.89,Education,742.0,1,153,53.98,2019-12-20,0
